paper_id,claim_id,table_figure,claim,value_script,value_paper,digits,match,value_rewrite,match_rewrite,holds,defect_locus,notes
flores_coppock_2018,table_1_notation,table_1,Potential outcomes of four subject types,NA,NA,NA,NA,NA,NA,NA,NA,"Notation rather than results. The table sets out the potential outcomes of bilingual, Spanish-only, English-only and neither-language subjects under the control, English-ad and Spanish-ad conditions. Its eight numeric cells are the two language indicators for each of its four rows; the potential outcomes themselves are symbols."
flores_coppock_2018,table_2_lns_age,table_2,"lns, age",NA,33.78,2,NA,33.77659770472074,1,NA,NA,"No deposited script computes any part of Table 2; the rewrite is the only code that produces it. Its Lucid column comes from the deposited study_1.csv, and its LNS and Pew columns from the Latino National Survey (ICPSR 20862) and Pew's 2012 National Survey of Latinos, which are licensed and are not redistributed with this repository"
flores_coppock_2018,table_2_lns_age_se,table_2,"lns, age_se",NA,0.29,2,NA,0.29313188764203246,1,NA,NA,"No deposited script computes any part of Table 2; the rewrite is the only code that produces it. Its Lucid column comes from the deposited study_1.csv, and its LNS and Pew columns from the Latino National Survey (ICPSR 20862) and Pew's 2012 National Survey of Latinos, which are licensed and are not redistributed with this repository"
flores_coppock_2018,table_2_lns_cuban,table_2,"lns, cuban",NA,0.04,2,NA,0.04355371063938699,1,NA,NA,"No deposited script computes any part of Table 2; the rewrite is the only code that produces it. Its Lucid column comes from the deposited study_1.csv, and its LNS and Pew columns from the Latino National Survey (ICPSR 20862) and Pew's 2012 National Survey of Latinos, which are licensed and are not redistributed with this repository"
flores_coppock_2018,table_2_lns_cuban_se,table_2,"lns, cuban_se",NA,0.00,2,NA,0.00349430920328385,1,NA,NA,"No deposited script computes any part of Table 2; the rewrite is the only code that produces it. Its Lucid column comes from the deposited study_1.csv, and its LNS and Pew columns from the Latino National Survey (ICPSR 20862) and Pew's 2012 National Survey of Latinos, which are licensed and are not redistributed with this repository"
flores_coppock_2018,table_2_lns_education_5,table_2,"lns, education_5",NA,2.49,2,NA,2.4909325348675626,1,NA,NA,"No deposited script computes any part of Table 2; the rewrite is the only code that produces it. Its Lucid column comes from the deposited study_1.csv, and its LNS and Pew columns from the Latino National Survey (ICPSR 20862) and Pew's 2012 National Survey of Latinos, which are licensed and are not redistributed with this repository"
flores_coppock_2018,table_2_lns_education_5_se,table_2,"lns, education_5_se",NA,0.02,2,NA,0.02174249550696228,1,NA,NA,"No deposited script computes any part of Table 2; the rewrite is the only code that produces it. Its Lucid column comes from the deposited study_1.csv, and its LNS and Pew columns from the Latino National Survey (ICPSR 20862) and Pew's 2012 National Survey of Latinos, which are licensed and are not redistributed with this repository"
flores_coppock_2018,table_2_lns_female,table_2,"lns, female",NA,0.52,2,NA,0.5175143421478688,1,NA,NA,"No deposited script computes any part of Table 2; the rewrite is the only code that produces it. Its Lucid column comes from the deposited study_1.csv, and its LNS and Pew columns from the Latino National Survey (ICPSR 20862) and Pew's 2012 National Survey of Latinos, which are licensed and are not redistributed with this repository"
flores_coppock_2018,table_2_lns_female_se,table_2,"lns, female_se",NA,0.01,2,NA,0.00979033307114225,1,NA,NA,"No deposited script computes any part of Table 2; the rewrite is the only code that produces it. Its Lucid column comes from the deposited study_1.csv, and its LNS and Pew columns from the Latino National Survey (ICPSR 20862) and Pew's 2012 National Survey of Latinos, which are licensed and are not redistributed with this repository"
flores_coppock_2018,table_2_lns_income_7,table_2,"lns, income_7",NA,4.06,2,NA,4.055182882752413,1,NA,NA,"No deposited script computes any part of Table 2; the rewrite is the only code that produces it. Its Lucid column comes from the deposited study_1.csv, and its LNS and Pew columns from the Latino National Survey (ICPSR 20862) and Pew's 2012 National Survey of Latinos, which are licensed and are not redistributed with this repository"
flores_coppock_2018,table_2_lns_income_7_se,table_2,"lns, income_7_se",NA,0.04,2,NA,0.04259577389303699,1,NA,NA,"No deposited script computes any part of Table 2; the rewrite is the only code that produces it. Its Lucid column comes from the deposited study_1.csv, and its LNS and Pew columns from the Latino National Survey (ICPSR 20862) and Pew's 2012 National Survey of Latinos, which are licensed and are not redistributed with this repository"
flores_coppock_2018,table_2_lns_mexican,table_2,"lns, mexican",NA,0.67,2,NA,0.6667034414117735,1,NA,NA,"No deposited script computes any part of Table 2; the rewrite is the only code that produces it. Its Lucid column comes from the deposited study_1.csv, and its LNS and Pew columns from the Latino National Survey (ICPSR 20862) and Pew's 2012 National Survey of Latinos, which are licensed and are not redistributed with this repository"
flores_coppock_2018,table_2_lns_mexican_se,table_2,"lns, mexican_se",NA,0.01,2,NA,0.00887352392652978,1,NA,NA,"No deposited script computes any part of Table 2; the rewrite is the only code that produces it. Its Lucid column comes from the deposited study_1.csv, and its LNS and Pew columns from the Latino National Survey (ICPSR 20862) and Pew's 2012 National Survey of Latinos, which are licensed and are not redistributed with this repository"
flores_coppock_2018,table_2_lns_n,table_2,"lns, n",NA,4184,0,NA,4184,1,NA,NA,"No deposited script computes any part of Table 2; the rewrite is the only code that produces it. Its Lucid column comes from the deposited study_1.csv, and its LNS and Pew columns from the Latino National Survey (ICPSR 20862) and Pew's 2012 National Survey of Latinos, which are licensed and are not redistributed with this repository"
flores_coppock_2018,table_2_lns_other_hispanic,table_2,"lns, other_hispanic",NA,0.29,2,NA,0.28974284794883953,1,NA,NA,"No deposited script computes any part of Table 2; the rewrite is the only code that produces it. Its Lucid column comes from the deposited study_1.csv, and its LNS and Pew columns from the Latino National Survey (ICPSR 20862) and Pew's 2012 National Survey of Latinos, which are licensed and are not redistributed with this repository"
flores_coppock_2018,table_2_lns_other_hispanic_se,table_2,"lns, other_hispanic_se",NA,0.01,2,NA,0.0085153052800851,1,NA,NA,"No deposited script computes any part of Table 2; the rewrite is the only code that produces it. Its Lucid column comes from the deposited study_1.csv, and its LNS and Pew columns from the Latino National Survey (ICPSR 20862) and Pew's 2012 National Survey of Latinos, which are licensed and are not redistributed with this repository"
flores_coppock_2018,table_2_lucid_age,table_2,"lucid, age",NA,34.80,2,NA,34.80451127819549,1,NA,NA,"No deposited script computes any part of Table 2; the rewrite is the only code that produces it. Its Lucid column comes from the deposited study_1.csv, and its LNS and Pew columns from the Latino National Survey (ICPSR 20862) and Pew's 2012 National Survey of Latinos, which are licensed and are not redistributed with this repository"
flores_coppock_2018,table_2_lucid_age_se,table_2,"lucid, age_se",NA,0.30,2,NA,0.3029132919855109,1,NA,NA,"No deposited script computes any part of Table 2; the rewrite is the only code that produces it. Its Lucid column comes from the deposited study_1.csv, and its LNS and Pew columns from the Latino National Survey (ICPSR 20862) and Pew's 2012 National Survey of Latinos, which are licensed and are not redistributed with this repository"
flores_coppock_2018,table_2_lucid_cuban,table_2,"lucid, cuban",NA,0.07,2,NA,0.07411385606874324,1,NA,NA,"No deposited script computes any part of Table 2; the rewrite is the only code that produces it. Its Lucid column comes from the deposited study_1.csv, and its LNS and Pew columns from the Latino National Survey (ICPSR 20862) and Pew's 2012 National Survey of Latinos, which are licensed and are not redistributed with this repository"
flores_coppock_2018,table_2_lucid_cuban_se,table_2,"lucid, cuban_se",NA,0.01,2,NA,0.00607232923835851,1,NA,NA,"No deposited script computes any part of Table 2; the rewrite is the only code that produces it. Its Lucid column comes from the deposited study_1.csv, and its LNS and Pew columns from the Latino National Survey (ICPSR 20862) and Pew's 2012 National Survey of Latinos, which are licensed and are not redistributed with this repository"
flores_coppock_2018,table_2_lucid_education_5,table_2,"lucid, education_5",NA,3.01,2,NA,3.0050962627406563,1,NA,NA,"No deposited script computes any part of Table 2; the rewrite is the only code that produces it. Its Lucid column comes from the deposited study_1.csv, and its LNS and Pew columns from the Latino National Survey (ICPSR 20862) and Pew's 2012 National Survey of Latinos, which are licensed and are not redistributed with this repository"
flores_coppock_2018,table_2_lucid_education_5_se,table_2,"lucid, education_5_se",NA,0.03,2,NA,0.02509500990976181,1,NA,NA,"No deposited script computes any part of Table 2; the rewrite is the only code that produces it. Its Lucid column comes from the deposited study_1.csv, and its LNS and Pew columns from the Latino National Survey (ICPSR 20862) and Pew's 2012 National Survey of Latinos, which are licensed and are not redistributed with this repository"
flores_coppock_2018,table_2_lucid_female,table_2,"lucid, female",NA,0.70,2,NA,0.7003222341568206,1,NA,NA,"No deposited script computes any part of Table 2; the rewrite is the only code that produces it. Its Lucid column comes from the deposited study_1.csv, and its LNS and Pew columns from the Latino National Survey (ICPSR 20862) and Pew's 2012 National Survey of Latinos, which are licensed and are not redistributed with this repository"
flores_coppock_2018,table_2_lucid_female_se,table_2,"lucid, female_se",NA,0.01,2,NA,0.01061947463569193,1,NA,NA,"No deposited script computes any part of Table 2; the rewrite is the only code that produces it. Its Lucid column comes from the deposited study_1.csv, and its LNS and Pew columns from the Latino National Survey (ICPSR 20862) and Pew's 2012 National Survey of Latinos, which are licensed and are not redistributed with this repository"
flores_coppock_2018,table_2_lucid_income_7,table_2,"lucid, income_7",NA,4.11,2,NA,4.109165207238764,1,NA,NA,"No deposited script computes any part of Table 2; the rewrite is the only code that produces it. Its Lucid column comes from the deposited study_1.csv, and its LNS and Pew columns from the Latino National Survey (ICPSR 20862) and Pew's 2012 National Survey of Latinos, which are licensed and are not redistributed with this repository"
flores_coppock_2018,table_2_lucid_income_7_se,table_2,"lucid, income_7_se",NA,0.05,2,NA,0.05344449366631638,1,NA,NA,"No deposited script computes any part of Table 2; the rewrite is the only code that produces it. Its Lucid column comes from the deposited study_1.csv, and its LNS and Pew columns from the Latino National Survey (ICPSR 20862) and Pew's 2012 National Survey of Latinos, which are licensed and are not redistributed with this repository"
flores_coppock_2018,table_2_lucid_income_9,table_2,"lucid, income_9",NA,4.49,2,NA,4.489200233508464,1,NA,NA,"No deposited script computes any part of Table 2; the rewrite is the only code that produces it. Its Lucid column comes from the deposited study_1.csv, and its LNS and Pew columns from the Latino National Survey (ICPSR 20862) and Pew's 2012 National Survey of Latinos, which are licensed and are not redistributed with this repository"
flores_coppock_2018,table_2_lucid_income_9_se,table_2,"lucid, income_9_se",NA,0.05,2,NA,0.05203981600486501,1,NA,NA,"No deposited script computes any part of Table 2; the rewrite is the only code that produces it. Its Lucid column comes from the deposited study_1.csv, and its LNS and Pew columns from the Latino National Survey (ICPSR 20862) and Pew's 2012 National Survey of Latinos, which are licensed and are not redistributed with this repository"
flores_coppock_2018,table_2_lucid_mexican,table_2,"lucid, mexican",NA,0.49,2,NA,0.49087003222341546,1,NA,NA,"No deposited script computes any part of Table 2; the rewrite is the only code that produces it. Its Lucid column comes from the deposited study_1.csv, and its LNS and Pew columns from the Latino National Survey (ICPSR 20862) and Pew's 2012 National Survey of Latinos, which are licensed and are not redistributed with this repository"
flores_coppock_2018,table_2_lucid_mexican_se,table_2,"lucid, mexican_se",NA,0.01,2,NA,0.01158842470533447,1,NA,NA,"No deposited script computes any part of Table 2; the rewrite is the only code that produces it. Its Lucid column comes from the deposited study_1.csv, and its LNS and Pew columns from the Latino National Survey (ICPSR 20862) and Pew's 2012 National Survey of Latinos, which are licensed and are not redistributed with this repository"
flores_coppock_2018,table_2_lucid_n,table_2,"lucid, n",NA,1862,0,NA,1862,1,NA,NA,"No deposited script computes any part of Table 2; the rewrite is the only code that produces it. Its Lucid column comes from the deposited study_1.csv, and its LNS and Pew columns from the Latino National Survey (ICPSR 20862) and Pew's 2012 National Survey of Latinos, which are licensed and are not redistributed with this repository"
flores_coppock_2018,table_2_lucid_other_hispanic,table_2,"lucid, other_hispanic",NA,0.44,2,NA,0.43501611170784094,1,NA,NA,"No deposited script computes any part of Table 2; the rewrite is the only code that produces it. Its Lucid column comes from the deposited study_1.csv, and its LNS and Pew columns from the Latino National Survey (ICPSR 20862) and Pew's 2012 National Survey of Latinos, which are licensed and are not redistributed with this repository"
flores_coppock_2018,table_2_lucid_other_hispanic_se,table_2,"lucid, other_hispanic_se",NA,0.01,2,NA,0.01149205024530616,1,NA,NA,"No deposited script computes any part of Table 2; the rewrite is the only code that produces it. Its Lucid column comes from the deposited study_1.csv, and its LNS and Pew columns from the Latino National Survey (ICPSR 20862) and Pew's 2012 National Survey of Latinos, which are licensed and are not redistributed with this repository"
flores_coppock_2018,table_2_pew_age,table_2,"pew, age",NA,40.11,2,NA,40.10715978648748,1,NA,NA,"No deposited script computes any part of Table 2; the rewrite is the only code that produces it. Its Lucid column comes from the deposited study_1.csv, and its LNS and Pew columns from the Latino National Survey (ICPSR 20862) and Pew's 2012 National Survey of Latinos, which are licensed and are not redistributed with this repository"
flores_coppock_2018,table_2_pew_age_se,table_2,"pew, age_se",NA,0.84,2,NA,0.8376376039642086,1,NA,NA,"No deposited script computes any part of Table 2; the rewrite is the only code that produces it. Its Lucid column comes from the deposited study_1.csv, and its LNS and Pew columns from the Latino National Survey (ICPSR 20862) and Pew's 2012 National Survey of Latinos, which are licensed and are not redistributed with this repository"
flores_coppock_2018,table_2_pew_cuban,table_2,"pew, cuban",NA,0.05,2,NA,0.04661876313582085,1,NA,NA,"No deposited script computes any part of Table 2; the rewrite is the only code that produces it. Its Lucid column comes from the deposited study_1.csv, and its LNS and Pew columns from the Latino National Survey (ICPSR 20862) and Pew's 2012 National Survey of Latinos, which are licensed and are not redistributed with this repository"
flores_coppock_2018,table_2_pew_cuban_se,table_2,"pew, cuban_se",NA,0.01,2,NA,0.0085199934533758,1,NA,NA,"No deposited script computes any part of Table 2; the rewrite is the only code that produces it. Its Lucid column comes from the deposited study_1.csv, and its LNS and Pew columns from the Latino National Survey (ICPSR 20862) and Pew's 2012 National Survey of Latinos, which are licensed and are not redistributed with this repository"
flores_coppock_2018,table_2_pew_education_5,table_2,"pew, education_5",NA,2.45,2,NA,2.452167125185056,1,NA,NA,"No deposited script computes any part of Table 2; the rewrite is the only code that produces it. Its Lucid column comes from the deposited study_1.csv, and its LNS and Pew columns from the Latino National Survey (ICPSR 20862) and Pew's 2012 National Survey of Latinos, which are licensed and are not redistributed with this repository"
flores_coppock_2018,table_2_pew_education_5_se,table_2,"pew, education_5_se",NA,0.05,2,NA,0.05378435395618546,1,NA,NA,"No deposited script computes any part of Table 2; the rewrite is the only code that produces it. Its Lucid column comes from the deposited study_1.csv, and its LNS and Pew columns from the Latino National Survey (ICPSR 20862) and Pew's 2012 National Survey of Latinos, which are licensed and are not redistributed with this repository"
flores_coppock_2018,table_2_pew_female,table_2,"pew, female",NA,0.46,2,NA,0.4620083197459075,1,NA,NA,"No deposited script computes any part of Table 2; the rewrite is the only code that produces it. Its Lucid column comes from the deposited study_1.csv, and its LNS and Pew columns from the Latino National Survey (ICPSR 20862) and Pew's 2012 National Survey of Latinos, which are licensed and are not redistributed with this repository"
flores_coppock_2018,table_2_pew_female_se,table_2,"pew, female_se",NA,0.02,2,NA,0.02499371004176496,1,NA,NA,"No deposited script computes any part of Table 2; the rewrite is the only code that produces it. Its Lucid column comes from the deposited study_1.csv, and its LNS and Pew columns from the Latino National Survey (ICPSR 20862) and Pew's 2012 National Survey of Latinos, which are licensed and are not redistributed with this repository"
flores_coppock_2018,table_2_pew_income_9,table_2,"pew, income_9",NA,4.09,2,NA,4.08792345346712,1,NA,NA,"No deposited script computes any part of Table 2; the rewrite is the only code that produces it. Its Lucid column comes from the deposited study_1.csv, and its LNS and Pew columns from the Latino National Survey (ICPSR 20862) and Pew's 2012 National Survey of Latinos, which are licensed and are not redistributed with this repository"
flores_coppock_2018,table_2_pew_income_9_se,table_2,"pew, income_9_se",NA,0.11,2,NA,0.11243400180934734,1,NA,NA,"No deposited script computes any part of Table 2; the rewrite is the only code that produces it. Its Lucid column comes from the deposited study_1.csv, and its LNS and Pew columns from the Latino National Survey (ICPSR 20862) and Pew's 2012 National Survey of Latinos, which are licensed and are not redistributed with this repository"
flores_coppock_2018,table_2_pew_mexican,table_2,"pew, mexican",NA,0.59,2,NA,0.5941426019999432,1,NA,NA,"No deposited script computes any part of Table 2; the rewrite is the only code that produces it. Its Lucid column comes from the deposited study_1.csv, and its LNS and Pew columns from the Latino National Survey (ICPSR 20862) and Pew's 2012 National Survey of Latinos, which are licensed and are not redistributed with this repository"
flores_coppock_2018,table_2_pew_mexican_se,table_2,"pew, mexican_se",NA,0.02,2,NA,0.02403222489645919,1,NA,NA,"No deposited script computes any part of Table 2; the rewrite is the only code that produces it. Its Lucid column comes from the deposited study_1.csv, and its LNS and Pew columns from the Latino National Survey (ICPSR 20862) and Pew's 2012 National Survey of Latinos, which are licensed and are not redistributed with this repository"
flores_coppock_2018,table_2_pew_n,table_2,"pew, n",NA,715,0,NA,715,1,NA,NA,"No deposited script computes any part of Table 2; the rewrite is the only code that produces it. Its Lucid column comes from the deposited study_1.csv, and its LNS and Pew columns from the Latino National Survey (ICPSR 20862) and Pew's 2012 National Survey of Latinos, which are licensed and are not redistributed with this repository"
flores_coppock_2018,table_2_pew_other_hispanic,table_2,"pew, other_hispanic",NA,0.36,2,NA,0.3592386348642357,1,NA,NA,"No deposited script computes any part of Table 2; the rewrite is the only code that produces it. Its Lucid column comes from the deposited study_1.csv, and its LNS and Pew columns from the Latino National Survey (ICPSR 20862) and Pew's 2012 National Survey of Latinos, which are licensed and are not redistributed with this repository"
flores_coppock_2018,table_2_pew_other_hispanic_se,table_2,"pew, other_hispanic_se",NA,0.02,2,NA,0.02340316752899854,1,NA,NA,"No deposited script computes any part of Table 2; the rewrite is the only code that produces it. Its Lucid column comes from the deposited study_1.csv, and its LNS and Pew columns from the Latino National Survey (ICPSR 20862) and Pew's 2012 National Survey of Latinos, which are licensed and are not redistributed with this repository"
flores_coppock_2018,table_3_experiment_1_bush_bilingual_english_survey_english_ad,table_3,"experiment_1_bush_bilingual_english_survey, english_ad",462,462,0,1,462,1,NA,NA,NA
flores_coppock_2018,table_3_experiment_1_bush_bilingual_english_survey_spanish_ad,table_3,"experiment_1_bush_bilingual_english_survey, spanish_ad",488,488,0,1,488,1,NA,NA,NA
flores_coppock_2018,table_3_experiment_1_bush_bilingual_spanish_survey_english_ad,table_3,"experiment_1_bush_bilingual_spanish_survey, english_ad",452,452,0,1,452,1,NA,NA,NA
flores_coppock_2018,table_3_experiment_1_bush_bilingual_spanish_survey_spanish_ad,table_3,"experiment_1_bush_bilingual_spanish_survey, spanish_ad",460,460,0,1,460,1,NA,NA,NA
flores_coppock_2018,table_3_experiment_2_vela_bilingual_english_survey_english_ad,table_3,"experiment_2_vela_bilingual_english_survey, english_ad",437,437,0,1,437,1,NA,NA,NA
flores_coppock_2018,table_3_experiment_2_vela_bilingual_english_survey_spanish_ad,table_3,"experiment_2_vela_bilingual_english_survey, spanish_ad",442,442,0,1,442,1,NA,NA,NA
flores_coppock_2018,table_3_experiment_2_vela_bilingual_spanish_survey_english_ad,table_3,"experiment_2_vela_bilingual_spanish_survey, english_ad",420,420,0,1,420,1,NA,NA,NA
flores_coppock_2018,table_3_experiment_2_vela_bilingual_spanish_survey_spanish_ad,table_3,"experiment_2_vela_bilingual_spanish_survey, spanish_ad",382,382,0,1,382,1,NA,NA,NA
flores_coppock_2018,table_3_experiment_2_vela_monolingual_english_survey_english_ad,table_3,"experiment_2_vela_monolingual_english_survey, english_ad",675,675,0,1,675,1,NA,NA,NA
flores_coppock_2018,table_3_experiment_2_vela_monolingual_english_survey_spanish_ad,table_3,"experiment_2_vela_monolingual_english_survey, spanish_ad",669,669,0,1,669,1,NA,NA,NA
flores_coppock_2018,table_3_experiment_3_coffman_bilingual_english_survey_english_ad,table_3,"experiment_3_coffman_bilingual_english_survey, english_ad",455,455,0,1,455,1,NA,NA,NA
flores_coppock_2018,table_3_experiment_3_coffman_bilingual_english_survey_spanish_ad,table_3,"experiment_3_coffman_bilingual_english_survey, spanish_ad",424,424,0,1,424,1,NA,NA,NA
flores_coppock_2018,table_3_experiment_3_coffman_bilingual_spanish_survey_english_ad,table_3,"experiment_3_coffman_bilingual_spanish_survey, english_ad",421,421,0,1,421,1,NA,NA,NA
flores_coppock_2018,table_3_experiment_3_coffman_bilingual_spanish_survey_spanish_ad,table_3,"experiment_3_coffman_bilingual_spanish_survey, spanish_ad",381,381,0,1,381,1,NA,NA,NA
flores_coppock_2018,table_3_experiment_3_coffman_monolingual_english_survey_english_ad,table_3,"experiment_3_coffman_monolingual_english_survey, english_ad",711,711,0,1,711,1,NA,NA,NA
flores_coppock_2018,table_3_experiment_3_coffman_monolingual_english_survey_spanish_ad,table_3,"experiment_3_coffman_monolingual_english_survey, spanish_ad",633,633,0,1,633,1,NA,NA,NA
flores_coppock_2018,table_4_advertisements,table_4,Advertisement treatments,NA,NA,NA,NA,NA,NA,NA,NA,"The advertisement titles, running times, YouTube links and full transcripts in English and Spanish for all three candidates. Its nine numbers are six running times and three election years, none of which the deposit records."
flores_coppock_2018,table_5_bush_bilingual_N,table_5,"bush_bilingual, N",1849,1849,0,1,1849,1,NA,NA,NA
flores_coppock_2018,table_5_bush_bilingual_Z_ad,table_5,"bush_bilingual, Z_ad",0.049,0.049,3,1,0.04896649860286398,1,NA,NA,NA
flores_coppock_2018,table_5_bush_bilingual_Z_ad_se,table_5,"bush_bilingual, Z_ad_se",0.023,0.023,3,1,0.02322386529140891,1,NA,NA,NA
flores_coppock_2018,table_5_bush_bilingual_Z_survey,table_5,"bush_bilingual, Z_survey",0.005,0.005,3,1,0.00541482215498058,1,NA,NA,NA
flores_coppock_2018,table_5_bush_bilingual_Z_survey_se,table_5,"bush_bilingual, Z_survey_se",0.023,0.023,3,1,0.02322841347235395,1,NA,NA,NA
flores_coppock_2018,table_5_bush_bilingual_constant,table_5,"bush_bilingual, constant",0.449,0.449,3,1,0.4494705663942981,1,NA,NA,NA
flores_coppock_2018,table_5_bush_bilingual_constant_se,table_5,"bush_bilingual, constant_se",0.02,0.020,3,1,0.02009117367870286,1,NA,NA,NA
flores_coppock_2018,table_5_coffman_bilingual_N,table_5,"coffman_bilingual, N",1681,1681,0,1,1681,1,NA,NA,NA
flores_coppock_2018,table_5_coffman_bilingual_Z_ad,table_5,"coffman_bilingual, Z_ad",0.003,0.003,3,1,0.00270556056502585,1,NA,NA,NA
flores_coppock_2018,table_5_coffman_bilingual_Z_ad_se,table_5,"coffman_bilingual, Z_ad_se",0.024,0.024,3,1,0.02362391757837582,1,NA,NA,NA
flores_coppock_2018,table_5_coffman_bilingual_Z_survey,table_5,"coffman_bilingual, Z_survey",-0.028,-0.028,3,1,-0.02779040605064527,1,NA,NA,NA
flores_coppock_2018,table_5_coffman_bilingual_Z_survey_se,table_5,"coffman_bilingual, Z_survey_se",0.024,0.024,3,1,0.02360668366879578,1,NA,NA,NA
flores_coppock_2018,table_5_coffman_bilingual_constant,table_5,"coffman_bilingual, constant",0.384,0.384,3,1,0.3843604577024188,1,NA,NA,NA
flores_coppock_2018,table_5_coffman_bilingual_constant_se,table_5,"coffman_bilingual, constant_se",0.02,0.020,3,1,0.02012506643881014,1,NA,NA,NA
flores_coppock_2018,table_5_coffman_monolingual_N,table_5,"coffman_monolingual, N",1343,1343,0,1,1343,1,NA,NA,NA
flores_coppock_2018,table_5_coffman_monolingual_Z_ad,table_5,"coffman_monolingual, Z_ad",-0.187,-0.187,3,1,-0.1872416171595139,1,NA,NA,NA
flores_coppock_2018,table_5_coffman_monolingual_Z_ad_se,table_5,"coffman_monolingual, Z_ad_se",0.026,0.026,3,1,0.02645251048376886,1,NA,NA,NA
flores_coppock_2018,table_5_coffman_monolingual_constant,table_5,"coffman_monolingual, constant",0.513,0.513,3,1,0.5126760563380311,1,NA,NA,NA
flores_coppock_2018,table_5_coffman_monolingual_constant_se,table_5,"coffman_monolingual, constant_se",0.019,0.019,3,1,0.01877185863039834,1,NA,NA,NA
flores_coppock_2018,table_5_vela_bilingual_N,table_5,"vela_bilingual, N",1680,1680,0,1,1680,1,NA,NA,NA
flores_coppock_2018,table_5_vela_bilingual_Z_ad,table_5,"vela_bilingual, Z_ad",0.049,0.049,3,1,0.04855036917379833,1,NA,NA,NA
flores_coppock_2018,table_5_vela_bilingual_Z_ad_se,table_5,"vela_bilingual, Z_ad_se",0.024,0.024,3,1,0.0239042736077788,1,NA,NA,NA
flores_coppock_2018,table_5_vela_bilingual_Z_survey,table_5,"vela_bilingual, Z_survey",0.073,0.073,3,1,0.07295796961285839,1,NA,NA,NA
flores_coppock_2018,table_5_vela_bilingual_Z_survey_se,table_5,"vela_bilingual, Z_survey_se",0.024,0.024,3,1,0.02390292897354174,1,NA,NA,NA
flores_coppock_2018,table_5_vela_bilingual_constant,table_5,"vela_bilingual, constant",0.535,0.535,3,1,0.5348397348455058,1,NA,NA,NA
flores_coppock_2018,table_5_vela_bilingual_constant_se,table_5,"vela_bilingual, constant_se",0.021,0.021,3,1,0.02071915781857496,1,NA,NA,NA
flores_coppock_2018,table_5_vela_monolingual_N,table_5,"vela_monolingual, N",1343,1343,0,1,1343,1,NA,NA,NA
flores_coppock_2018,table_5_vela_monolingual_Z_ad,table_5,"vela_monolingual, Z_ad",-0.02,-0.020,3,1,-0.02011754269239292,1,NA,NA,NA
flores_coppock_2018,table_5_vela_monolingual_Z_ad_se,table_5,"vela_monolingual, Z_ad_se",0.026,0.026,3,1,0.02614225131630967,1,NA,NA,NA
flores_coppock_2018,table_5_vela_monolingual_constant,table_5,"vela_monolingual, constant",0.366,0.366,3,1,0.3659259259259278,1,NA,NA,NA
flores_coppock_2018,table_5_vela_monolingual_constant_se,table_5,"vela_monolingual, constant_se",0.019,0.019,3,1,0.01855396102786992,1,NA,NA,NA
flores_coppock_2018,table_6_bush_bilingual_N,table_6,"bush_bilingual, N",1862,1862,0,1,1862,1,NA,NA,NA
flores_coppock_2018,table_6_bush_bilingual_Z_ad,table_6,"bush_bilingual, Z_ad",0.167,0.167,3,1,0.1668109474420808,1,NA,NA,NA
flores_coppock_2018,table_6_bush_bilingual_Z_ad_se,table_6,"bush_bilingual, Z_ad_se",0.075,0.075,3,1,0.07532993746019008,1,NA,NA,NA
flores_coppock_2018,table_6_bush_bilingual_Z_survey,table_6,"bush_bilingual, Z_survey",0.165,0.165,3,1,0.16497210179200691,1,NA,NA,NA
flores_coppock_2018,table_6_bush_bilingual_Z_survey_se,table_6,"bush_bilingual, Z_survey_se",0.075,0.075,3,1,0.07546236595154066,1,NA,NA,NA
flores_coppock_2018,table_6_bush_bilingual_constant,table_6,"bush_bilingual, constant",4.81,4.810,3,1,4.810101323840234,1,NA,NA,NA
flores_coppock_2018,table_6_bush_bilingual_constant_se,table_6,"bush_bilingual, constant_se",0.063,0.063,3,1,0.06342592393567394,1,NA,NA,NA
flores_coppock_2018,table_6_coffman_bilingual_N,table_6,"coffman_bilingual, N",1680,1680,0,1,1680,1,NA,NA,NA
flores_coppock_2018,table_6_coffman_bilingual_Z_ad,table_6,"coffman_bilingual, Z_ad",0.019,0.019,3,1,0.0194494572778944,1,NA,NA,NA
flores_coppock_2018,table_6_coffman_bilingual_Z_ad_se,table_6,"coffman_bilingual, Z_ad_se",0.077,0.077,3,1,0.07728247254898848,1,NA,NA,NA
flores_coppock_2018,table_6_coffman_bilingual_Z_survey,table_6,"coffman_bilingual, Z_survey",0.093,0.093,3,1,0.09270950902074228,1,NA,NA,NA
flores_coppock_2018,table_6_coffman_bilingual_Z_survey_se,table_6,"coffman_bilingual, Z_survey_se",0.078,0.078,3,1,0.07772749481994258,1,NA,NA,NA
flores_coppock_2018,table_6_coffman_bilingual_constant,table_6,"coffman_bilingual, constant",4.902,4.902,3,1,4.901791434591632,1,NA,NA,NA
flores_coppock_2018,table_6_coffman_bilingual_constant_se,table_6,"coffman_bilingual, constant_se",0.066,0.066,3,1,0.06603110441680772,1,NA,NA,NA
flores_coppock_2018,table_6_coffman_monolingual_N,table_6,"coffman_monolingual, N",1342,1342,0,1,1342,1,NA,NA,NA
flores_coppock_2018,table_6_coffman_monolingual_Z_ad,table_6,"coffman_monolingual, Z_ad",-0.83,-0.830,3,1,-0.8298671777500496,1,NA,NA,NA
flores_coppock_2018,table_6_coffman_monolingual_Z_ad_se,table_6,"coffman_monolingual, Z_ad_se",0.074,0.074,3,1,0.07375969582270551,1,NA,NA,NA
flores_coppock_2018,table_6_coffman_monolingual_constant,table_6,"coffman_monolingual, constant",5.161,5.161,3,1,5.160563380281661,1,NA,NA,NA
flores_coppock_2018,table_6_coffman_monolingual_constant_se,table_6,"coffman_monolingual, constant_se",0.054,0.054,3,1,0.05443620461391804,1,NA,NA,NA
flores_coppock_2018,table_6_vela_bilingual_N,table_6,"vela_bilingual, N",1680,1680,0,1,1680,1,NA,NA,NA
flores_coppock_2018,table_6_vela_bilingual_Z_ad,table_6,"vela_bilingual, Z_ad",0.068,0.068,3,1,0.06760489231253555,1,NA,NA,NA
flores_coppock_2018,table_6_vela_bilingual_Z_ad_se,table_6,"vela_bilingual, Z_ad_se",0.067,0.067,3,1,0.0674695434370161,1,NA,NA,NA
flores_coppock_2018,table_6_vela_bilingual_Z_survey,table_6,"vela_bilingual, Z_survey",0.149,0.149,3,1,0.1494266416887011,1,NA,NA,NA
flores_coppock_2018,table_6_vela_bilingual_Z_survey_se,table_6,"vela_bilingual, Z_survey_se",0.067,0.067,3,1,0.06745376331504394,1,NA,NA,NA
flores_coppock_2018,table_6_vela_bilingual_constant,table_6,"vela_bilingual, constant",4.994,4.994,3,1,4.994446686686988,1,NA,NA,NA
flores_coppock_2018,table_6_vela_bilingual_constant_se,table_6,"vela_bilingual, constant_se",0.057,0.057,3,1,0.0568505373833214,1,NA,NA,NA
flores_coppock_2018,table_6_vela_monolingual_N,table_6,"vela_monolingual, N",1341,1341,0,1,1341,1,NA,NA,NA
flores_coppock_2018,table_6_vela_monolingual_Z_ad,table_6,"vela_monolingual, Z_ad",-0.472,-0.472,3,1,-0.4722861121368062,1,NA,NA,NA
flores_coppock_2018,table_6_vela_monolingual_Z_ad_se,table_6,"vela_monolingual, Z_ad_se",0.07,0.070,3,1,0.0695634531114469,1,NA,NA,NA
flores_coppock_2018,table_6_vela_monolingual_constant,table_6,"vela_monolingual, constant",4.712,4.712,3,1,4.712166172106826,1,NA,NA,NA
flores_coppock_2018,table_6_vela_monolingual_constant_se,table_6,"vela_monolingual, constant_se",0.051,0.051,3,1,0.05074739215359163,1,NA,NA,NA
flores_coppock_2018,table_7_bush_bilingual_N,table_7,"bush_bilingual, N",1858,1858,0,1,1858,1,NA,NA,NA
flores_coppock_2018,table_7_bush_bilingual_Z_ad,table_7,"bush_bilingual, Z_ad",0.037,0.037,3,1,0.03736599165233497,1,NA,NA,NA
flores_coppock_2018,table_7_bush_bilingual_Z_ad_se,table_7,"bush_bilingual, Z_ad_se",0.02,0.020,3,1,0.02044872125469448,1,NA,NA,NA
flores_coppock_2018,table_7_bush_bilingual_Z_survey,table_7,"bush_bilingual, Z_survey",-0.035,-0.035,3,1,-0.03474562464246555,1,NA,NA,NA
flores_coppock_2018,table_7_bush_bilingual_Z_survey_se,table_7,"bush_bilingual, Z_survey_se",0.02,0.020,3,1,0.02045164096318158,1,NA,NA,NA
flores_coppock_2018,table_7_bush_bilingual_constant,table_7,"bush_bilingual, constant",0.734,0.734,3,1,0.7342494858433122,1,NA,NA,NA
flores_coppock_2018,table_7_bush_bilingual_constant_se,table_7,"bush_bilingual, constant_se",0.018,0.018,3,1,0.01776041300572067,1,NA,NA,NA
flores_coppock_2018,table_7_coffman_bilingual_N,table_7,"coffman_bilingual, N",1680,1680,0,1,1680,1,NA,NA,NA
flores_coppock_2018,table_7_coffman_bilingual_Z_ad,table_7,"coffman_bilingual, Z_ad",0.035,0.035,3,1,0.03455868519331875,1,NA,NA,NA
flores_coppock_2018,table_7_coffman_bilingual_Z_ad_se,table_7,"coffman_bilingual, Z_ad_se",0.021,0.021,3,1,0.02137846517987737,1,NA,NA,NA
flores_coppock_2018,table_7_coffman_bilingual_Z_survey,table_7,"coffman_bilingual, Z_survey",-0.045,-0.045,3,1,-0.04487728079630927,1,NA,NA,NA
flores_coppock_2018,table_7_coffman_bilingual_Z_survey_se,table_7,"coffman_bilingual, Z_survey_se",0.021,0.021,3,1,0.02147828440056568,1,NA,NA,NA
flores_coppock_2018,table_7_coffman_bilingual_constant,table_7,"coffman_bilingual, constant",0.744,0.744,3,1,0.744170473990005,1,NA,NA,NA
flores_coppock_2018,table_7_coffman_bilingual_constant_se,table_7,"coffman_bilingual, constant_se",0.018,0.018,3,1,0.01812074798226374,1,NA,NA,NA
flores_coppock_2018,table_7_coffman_monolingual_N,table_7,"coffman_monolingual, N",1337,1337,0,1,1337,1,NA,NA,NA
flores_coppock_2018,table_7_coffman_monolingual_Z_ad,table_7,"coffman_monolingual, Z_ad",-0.155,-0.155,3,1,-0.15519432692912227,1,NA,NA,NA
flores_coppock_2018,table_7_coffman_monolingual_Z_ad_se,table_7,"coffman_monolingual, Z_ad_se",0.024,0.024,3,1,0.02388982213479525,1,NA,NA,NA
flores_coppock_2018,table_7_coffman_monolingual_constant,table_7,"coffman_monolingual, constant",0.815,0.815,3,1,0.8149717514124243,1,NA,NA,NA
flores_coppock_2018,table_7_coffman_monolingual_constant_se,table_7,"coffman_monolingual, constant_se",0.015,0.015,3,1,0.01460429476136813,1,NA,NA,NA
flores_coppock_2018,table_7_vela_bilingual_N,table_7,"vela_bilingual, N",1680,1680,0,1,1680,1,NA,NA,NA
flores_coppock_2018,table_7_vela_bilingual_Z_ad,table_7,"vela_bilingual, Z_ad",0.018,0.018,3,1,0.0176054016000268,1,NA,NA,NA
flores_coppock_2018,table_7_vela_bilingual_Z_ad_se,table_7,"vela_bilingual, Z_ad_se",0.017,0.017,3,1,0.01681737335069081,1,NA,NA,NA
flores_coppock_2018,table_7_vela_bilingual_Z_survey,table_7,"vela_bilingual, Z_survey",-0.024,-0.024,3,1,-0.02399193875553391,1,NA,NA,NA
flores_coppock_2018,table_7_vela_bilingual_Z_survey_se,table_7,"vela_bilingual, Z_survey_se",0.017,0.017,3,1,0.01690631357538875,1,NA,NA,NA
flores_coppock_2018,table_7_vela_bilingual_constant,table_7,"vela_bilingual, constant",0.865,0.865,3,1,0.8647335055744716,1,NA,NA,NA
flores_coppock_2018,table_7_vela_bilingual_constant_se,table_7,"vela_bilingual, constant_se",0.014,0.014,3,1,0.01424565602962477,1,NA,NA,NA
flores_coppock_2018,table_7_vela_monolingual_N,table_7,"vela_monolingual, N",1336,1336,0,1,1336,1,NA,NA,NA
flores_coppock_2018,table_7_vela_monolingual_Z_ad,table_7,"vela_monolingual, Z_ad",-0.152,-0.152,3,1,-0.1520166387262766,1,NA,NA,NA
flores_coppock_2018,table_7_vela_monolingual_Z_ad_se,table_7,"vela_monolingual, Z_ad_se",0.025,0.025,3,1,0.02465573417346872,1,NA,NA,NA
flores_coppock_2018,table_7_vela_monolingual_constant,table_7,"vela_monolingual, constant",0.78,0.780,3,1,0.7804154302670668,1,NA,NA,NA
flores_coppock_2018,table_7_vela_monolingual_constant_se,table_7,"vela_monolingual, constant_se",0.016,0.016,3,1,0.01595718577359385,1,NA,NA,NA
flores_coppock_2018,table_8_bush_bilingual_N,table_8,"bush_bilingual, N",1861,1861,0,1,1861,1,NA,NA,NA
flores_coppock_2018,table_8_bush_bilingual_Z_ad,table_8,"bush_bilingual, Z_ad",0.076,0.076,3,1,0.0757876511855023,1,NA,NA,NA
flores_coppock_2018,table_8_bush_bilingual_Z_ad_se,table_8,"bush_bilingual, Z_ad_se",0.042,0.042,3,1,0.04151635727646085,1,NA,NA,NA
flores_coppock_2018,table_8_bush_bilingual_Z_survey,table_8,"bush_bilingual, Z_survey",-0.018,-0.018,3,1,-0.0184776021574926,1,NA,NA,NA
flores_coppock_2018,table_8_bush_bilingual_Z_survey_se,table_8,"bush_bilingual, Z_survey_se",0.042,0.042,3,1,0.04155833680317632,1,NA,NA,NA
flores_coppock_2018,table_8_bush_bilingual_constant,table_8,"bush_bilingual, constant",1.768,1.768,3,1,1.768437501285742,1,NA,NA,NA
flores_coppock_2018,table_8_bush_bilingual_constant_se,table_8,"bush_bilingual, constant_se",0.035,0.035,3,1,0.03545271873773717,1,NA,NA,NA
flores_coppock_2018,table_8_coffman_bilingual_N,table_8,"coffman_bilingual, N",1679,1679,0,1,1679,1,NA,NA,NA
flores_coppock_2018,table_8_coffman_bilingual_Z_ad,table_8,"coffman_bilingual, Z_ad",0.03,0.030,3,1,0.03039949243366122,1,NA,NA,NA
flores_coppock_2018,table_8_coffman_bilingual_Z_ad_se,table_8,"coffman_bilingual, Z_ad_se",0.041,0.041,3,1,0.04090070614885185,1,NA,NA,NA
flores_coppock_2018,table_8_coffman_bilingual_Z_survey,table_8,"coffman_bilingual, Z_survey",-0.084,-0.084,3,1,-0.0843525294420112,1,NA,NA,NA
flores_coppock_2018,table_8_coffman_bilingual_Z_survey_se,table_8,"coffman_bilingual, Z_survey_se",0.041,0.041,3,1,0.04092225306718428,1,NA,NA,NA
flores_coppock_2018,table_8_coffman_bilingual_constant,table_8,"coffman_bilingual, constant",1.814,1.814,3,1,1.8142999027372375,1,NA,NA,NA
flores_coppock_2018,table_8_coffman_bilingual_constant_se,table_8,"coffman_bilingual, constant_se",0.034,0.034,3,1,0.03399470468560996,1,NA,NA,NA
flores_coppock_2018,table_8_coffman_monolingual_N,table_8,"coffman_monolingual, N",1338,1338,0,1,1338,1,NA,NA,NA
flores_coppock_2018,table_8_coffman_monolingual_Z_ad,table_8,"coffman_monolingual, Z_ad",-0.31,-0.310,3,1,-0.3101462276845775,1,NA,NA,NA
flores_coppock_2018,table_8_coffman_monolingual_Z_ad_se,table_8,"coffman_monolingual, Z_ad_se",0.044,0.044,3,1,0.04409709738146636,1,NA,NA,NA
flores_coppock_2018,table_8_coffman_monolingual_constant,table_8,"coffman_monolingual, constant",1.966,1.966,3,1,1.9661971830985792,1,NA,NA,NA
flores_coppock_2018,table_8_coffman_monolingual_constant_se,table_8,"coffman_monolingual, constant_se",0.029,0.029,3,1,0.02947013927066159,1,NA,NA,NA
flores_coppock_2018,table_8_vela_bilingual_N,table_8,"vela_bilingual, N",1680,1680,0,1,1680,1,NA,NA,NA
flores_coppock_2018,table_8_vela_bilingual_Z_ad,table_8,"vela_bilingual, Z_ad",0.103,0.103,3,1,0.1027117733435976,1,NA,NA,NA
flores_coppock_2018,table_8_vela_bilingual_Z_ad_se,table_8,"vela_bilingual, Z_ad_se",0.038,0.038,3,1,0.03786502664637411,1,NA,NA,NA
flores_coppock_2018,table_8_vela_bilingual_Z_survey,table_8,"vela_bilingual, Z_survey",0.011,0.011,3,1,0.010759245802579,1,NA,NA,NA
flores_coppock_2018,table_8_vela_bilingual_Z_survey_se,table_8,"vela_bilingual, Z_survey_se",0.038,0.038,3,1,0.03793099703221247,1,NA,NA,NA
flores_coppock_2018,table_8_vela_bilingual_constant,table_8,"vela_bilingual, constant",1.915,1.915,3,1,1.9153805329789009,1,NA,NA,NA
flores_coppock_2018,table_8_vela_bilingual_constant_se,table_8,"vela_bilingual, constant_se",0.033,0.033,3,1,0.03254047398601183,1,NA,NA,NA
flores_coppock_2018,table_8_vela_monolingual_N,table_8,"vela_monolingual, N",1338,1338,0,1,1338,1,NA,NA,NA
flores_coppock_2018,table_8_vela_monolingual_Z_ad,table_8,"vela_monolingual, Z_ad",-0.16,-0.160,3,1,-0.16023462376403744,1,NA,NA,NA
flores_coppock_2018,table_8_vela_monolingual_Z_ad_se,table_8,"vela_monolingual, Z_ad_se",0.047,0.047,3,1,0.04695249649205432,1,NA,NA,NA
flores_coppock_2018,table_8_vela_monolingual_constant,table_8,"vela_monolingual, constant",1.73,1.730,3,1,1.7303703703703612,1,NA,NA,NA
flores_coppock_2018,table_8_vela_monolingual_constant_se,table_8,"vela_monolingual, constant_se",0.031,0.031,3,1,0.03141276934698418,1,NA,NA,NA
flores_coppock_2018,table_9_bush_bilingual_N,table_9,"bush_bilingual, N",1861,1861,0,1,1861,1,NA,NA,NA
flores_coppock_2018,table_9_bush_bilingual_Z_survey,table_9,"bush_bilingual, Z_survey",0.243,0.243,3,1,0.2427222832052696,1,NA,NA,NA
flores_coppock_2018,table_9_bush_bilingual_Z_survey_se,table_9,"bush_bilingual, Z_survey_se",0.04,0.040,3,1,0.04030021104028922,1,NA,NA,NA
flores_coppock_2018,table_9_bush_bilingual_constant,table_9,"bush_bilingual, constant",2.08,2.080,3,1,2.07999999999998,1,NA,NA,NA
flores_coppock_2018,table_9_bush_bilingual_constant_se,table_9,"bush_bilingual, constant_se",0.031,0.031,3,1,0.03120560181448602,1,NA,NA,NA
flores_coppock_2018,table_9_vela_coffman_bilingual_N,table_9,"vela_coffman_bilingual, N",1681,1681,0,1,1681,1,NA,NA,NA
flores_coppock_2018,table_9_vela_coffman_bilingual_Z_survey,table_9,"vela_coffman_bilingual, Z_survey",0.131,0.131,3,1,0.1311056828917476,1,NA,NA,NA
flores_coppock_2018,table_9_vela_coffman_bilingual_Z_survey_se,table_9,"vela_coffman_bilingual, Z_survey_se",0.041,0.041,3,1,0.04126566016011627,1,NA,NA,NA
flores_coppock_2018,table_9_vela_coffman_bilingual_constant,table_9,"vela_coffman_bilingual, constant",2.106,2.106,3,1,2.10580204778154,1,NA,NA,NA
flores_coppock_2018,table_9_vela_coffman_bilingual_constant_se,table_9,"vela_coffman_bilingual, constant_se",0.031,0.031,3,1,0.03098948870093564,1,NA,NA,NA
flores_coppock_2018,figure_1_plotted_coordinates,figure_1,"All plotted estimates, standard errors and confidence limits",NA,NA,NA,NA,NA,NA,NA,NA,"The published figure prints no numbers, so there is nothing in it to compare against the article. All 20 plotted estimates agree with the deposit's own models on all four quantities, to within 9e-15."
flores_coppock_2018,float_figure_1,figure_1,Estimates Figure 1 plots,NA,20,0,NA,20,1,NA,NA,"The published figure prints no estimate on its face, so the countable claim is how many it plots. The deposited script that draws it saves a PDF and writes no estimate, so the archive side was recovered by refitting the models it specifies."
flores_coppock_2018,results_figure_1_outcomes,figure_1,Figure 1 covers four outcomes,NA,4,0,NA,4,1,NA,NA,NA
flores_coppock_2018,figure_2_plotted_coordinates,figure_2,"All plotted estimates, standard errors and confidence limits",NA,NA,NA,NA,NA,NA,NA,NA,"As Figure 1. All 32 plotted estimates agree with the deposit's own models on all four quantities, to within 2e-15."
flores_coppock_2018,float_figure_2,figure_2,Estimates Figure 2 plots,NA,32,0,NA,32,1,NA,NA,As Figure 1.
flores_coppock_2018,results_figure_2_dvs,figure_2,Figure 2 covers four dependent variables,NA,4,0,NA,4,1,NA,NA,NA
flores_coppock_2018,results_figure_2_caption_outcomes,figure_2,Figure 2's caption names four outcomes,NA,4,0,NA,4,1,NA,NA,NA
flores_coppock_2018,figure_3_surface,figure_3,Net effect surface,NA,NA,NA,NA,NA,NA,NA,NA,"A calibration exercise rather than an estimate: the net effect of a Spanish-language strategy over the share of bilinguals in the electorate and the risk of mistargeting, holding the two effects at the values the article supposes on page 18. The surface is deterministic given those two numbers, and the rewrite writes 132 of its values to figure_3_simulation.csv."
flores_coppock_2018,float_figure_3,figure_3,Points of the simulated surface the rewrite commits,NA,NA,0,NA,121,NA,NA,NA,"Figure 3 is a continuous raster and its cells cannot be counted from the page, so no published count can be laid against this one. The deposited script draws the figure to the screen and never saves it."
flores_coppock_2018,table_a1_bush_bilingual_N,table_a1,"bush_bilingual, N",1849,1849,0,1,1849,1,NA,NA,NA
flores_coppock_2018,table_a1_bush_bilingual_Z_ad,table_a1,"bush_bilingual, Z_ad",0.061,0.061,3,1,0.0606539705353934,1,NA,NA,NA
flores_coppock_2018,table_a1_bush_bilingual_Z_ad_se,table_a1,"bush_bilingual, Z_ad_se",0.032,0.032,3,1,0.03248484499629014,1,NA,NA,NA
flores_coppock_2018,table_a1_bush_bilingual_Z_survey,table_a1,"bush_bilingual, Z_survey",0.018,0.018,3,1,0.01754623801684867,1,NA,NA,NA
flores_coppock_2018,table_a1_bush_bilingual_Z_survey_se,table_a1,"bush_bilingual, Z_survey_se",0.033,0.033,3,1,0.03305067400980572,1,NA,NA,NA
flores_coppock_2018,table_a1_bush_bilingual_constant,table_a1,"bush_bilingual, constant",0.443,0.443,3,1,0.443478260869569,1,NA,NA,NA
flores_coppock_2018,table_a1_bush_bilingual_constant_se,table_a1,"bush_bilingual, constant_se",0.023,0.023,3,1,0.02318840579710149,1,NA,NA,NA
flores_coppock_2018,table_a1_bush_bilingual_interaction,table_a1,"bush_bilingual, interaction",-0.024,-0.024,3,1,-0.02387145187794791,1,NA,NA,NA
flores_coppock_2018,table_a1_bush_bilingual_interaction_se,table_a1,"bush_bilingual, interaction_se",0.046,0.046,3,1,0.04646880699314398,1,NA,NA,NA
flores_coppock_2018,table_a1_coffman_bilingual_N,table_a1,"coffman_bilingual, N",1681,1681,0,1,1681,1,NA,NA,NA
flores_coppock_2018,table_a1_coffman_bilingual_Z_ad,table_a1,"coffman_bilingual, Z_ad",-0.039,-0.039,3,1,-0.03882956665975569,1,NA,NA,NA
flores_coppock_2018,table_a1_coffman_bilingual_Z_ad_se,table_a1,"coffman_bilingual, Z_ad_se",0.033,0.033,3,1,0.03284539812730051,1,NA,NA,NA
flores_coppock_2018,table_a1_coffman_bilingual_Z_survey,table_a1,"coffman_bilingual, Z_survey",-0.069,-0.069,3,1,-0.0694787397875291,1,NA,NA,NA
flores_coppock_2018,table_a1_coffman_bilingual_Z_survey_se,table_a1,"coffman_bilingual, Z_survey_se",0.033,0.033,3,1,0.03257114554889797,1,NA,NA,NA
flores_coppock_2018,table_a1_coffman_bilingual_constant,table_a1,"coffman_bilingual, constant",0.404,0.404,3,1,0.4043956043956009,1,NA,NA,NA
flores_coppock_2018,table_a1_coffman_bilingual_constant_se,table_a1,"coffman_bilingual, constant_se",0.023,0.023,3,1,0.02303319762477224,1,NA,NA,NA
flores_coppock_2018,table_a1_coffman_bilingual_interaction,table_a1,"coffman_bilingual, interaction",0.087,0.087,3,1,0.0871148017892131,1,NA,NA,NA
flores_coppock_2018,table_a1_coffman_bilingual_interaction_se,table_a1,"coffman_bilingual, interaction_se",0.047,0.047,3,1,0.04723522947678067,1,NA,NA,NA
flores_coppock_2018,table_a1_vela_bilingual_N,table_a1,"vela_bilingual, N",1680,1680,0,1,1680,1,NA,NA,NA
flores_coppock_2018,table_a1_vela_bilingual_Z_ad,table_a1,"vela_bilingual, Z_ad",0.075,0.075,3,1,0.07463275165138569,1,NA,NA,NA
flores_coppock_2018,table_a1_vela_bilingual_Z_ad_se,table_a1,"vela_bilingual, Z_ad_se",0.033,0.033,3,1,0.03345720172666305,1,NA,NA,NA
flores_coppock_2018,table_a1_vela_bilingual_Z_survey,table_a1,"vela_bilingual, Z_survey",0.1,0.100,3,1,0.09968944099378894,1,NA,NA,NA
flores_coppock_2018,table_a1_vela_bilingual_Z_survey_se,table_a1,"vela_bilingual, Z_survey_se",0.034,0.034,3,1,0.03367162897507599,1,NA,NA,NA
flores_coppock_2018,table_a1_vela_bilingual_constant,table_a1,"vela_bilingual, constant",0.522,0.522,3,1,0.5217391304347815,1,NA,NA,NA
flores_coppock_2018,table_a1_vela_bilingual_constant_se,table_a1,"vela_bilingual, constant_se",0.024,0.024,3,1,0.02392301347805954,1,NA,NA,NA
flores_coppock_2018,table_a1_vela_bilingual_interaction,table_a1,"vela_bilingual, interaction",-0.055,-0.055,3,1,-0.05470006653545477,1,NA,NA,NA
flores_coppock_2018,table_a1_vela_bilingual_interaction_se,table_a1,"vela_bilingual, interaction_se",0.048,0.048,3,1,0.04779719153583068,1,NA,NA,NA
flores_coppock_2018,table_a2_bush_bilingual_N,table_a2,"bush_bilingual, N",1858,1858,0,1,1858,1,NA,NA,NA
flores_coppock_2018,table_a2_bush_bilingual_Z_ad,table_a2,"bush_bilingual, Z_ad",0.034,0.034,3,1,0.03408979795016695,1,NA,NA,NA
flores_coppock_2018,table_a2_bush_bilingual_Z_ad_se,table_a2,"bush_bilingual, Z_ad_se",0.028,0.028,3,1,0.02803453429779328,1,NA,NA,NA
flores_coppock_2018,table_a2_bush_bilingual_Z_survey,table_a2,"bush_bilingual, Z_survey",-0.038,-0.038,3,1,-0.03815295815295776,1,NA,NA,NA
flores_coppock_2018,table_a2_bush_bilingual_Z_survey_se,table_a2,"bush_bilingual, Z_survey_se",0.03,0.030,3,1,0.02985346479694127,1,NA,NA,NA
flores_coppock_2018,table_a2_bush_bilingual_constant,table_a2,"bush_bilingual, constant",0.736,0.736,3,1,0.7359307359307261,1,NA,NA,NA
flores_coppock_2018,table_a2_bush_bilingual_constant_se,table_a2,"bush_bilingual, constant_se",0.021,0.021,3,1,0.02053179576666058,1,NA,NA,NA
flores_coppock_2018,table_a2_bush_bilingual_interaction,table_a2,"bush_bilingual, interaction",0.007,0.007,3,1,0.00669451577532304,1,NA,NA,NA
flores_coppock_2018,table_a2_bush_bilingual_interaction_se,table_a2,"bush_bilingual, interaction_se",0.041,0.041,3,1,0.04095362787941437,1,NA,NA,NA
flores_coppock_2018,table_a2_coffman_bilingual_N,table_a2,"coffman_bilingual, N",1680,1680,0,1,1680,1,NA,NA,NA
flores_coppock_2018,table_a2_coffman_bilingual_Z_ad,table_a2,"coffman_bilingual, Z_ad",0.051,0.051,3,1,0.05097030628945524,1,NA,NA,NA
flores_coppock_2018,table_a2_coffman_bilingual_Z_ad_se,table_a2,"coffman_bilingual, Z_ad_se",0.029,0.029,3,1,0.02871618739764664,1,NA,NA,NA
flores_coppock_2018,table_a2_coffman_bilingual_Z_survey,table_a2,"coffman_bilingual, Z_survey",-0.028,-0.028,3,1,-0.02842525645376022,1,NA,NA,NA
flores_coppock_2018,table_a2_coffman_bilingual_Z_survey_se,table_a2,"coffman_bilingual, Z_survey_se",0.03,0.030,3,1,0.03033309288702912,1,NA,NA,NA
flores_coppock_2018,table_a2_coffman_bilingual_constant,table_a2,"coffman_bilingual, constant",0.736,0.736,3,1,0.7362637362637343,1,NA,NA,NA
flores_coppock_2018,table_a2_coffman_bilingual_constant_se,table_a2,"coffman_bilingual, constant_se",0.021,0.021,3,1,0.02068110328000415,1,NA,NA,NA
flores_coppock_2018,table_a2_coffman_bilingual_interaction,table_a2,"coffman_bilingual, interaction",-0.034,-0.034,3,1,-0.03439933728053327,1,NA,NA,NA
flores_coppock_2018,table_a2_coffman_bilingual_interaction_se,table_a2,"coffman_bilingual, interaction_se",0.043,0.043,3,1,0.04292292373153601,1,NA,NA,NA
flores_coppock_2018,table_a2_vela_bilingual_N,table_a2,"vela_bilingual, N",1680,1680,0,1,1680,1,NA,NA,NA
flores_coppock_2018,table_a2_vela_bilingual_Z_ad,table_a2,"vela_bilingual, Z_ad",0.013,0.013,3,1,0.01254170623245517,1,NA,NA,NA
flores_coppock_2018,table_a2_vela_bilingual_Z_ad_se,table_a2,"vela_bilingual, Z_ad_se",0.022,0.022,3,1,0.02245710846355517,1,NA,NA,NA
flores_coppock_2018,table_a2_vela_bilingual_Z_survey,table_a2,"vela_bilingual, Z_survey",-0.029,-0.029,3,1,-0.02918164977661516,1,NA,NA,NA
flores_coppock_2018,table_a2_vela_bilingual_Z_survey_se,table_a2,"vela_bilingual, Z_survey_se",0.024,0.024,3,1,0.02424571678476505,1,NA,NA,NA
flores_coppock_2018,table_a2_vela_bilingual_constant,table_a2,"vela_bilingual, constant",0.867,0.867,3,1,0.8672768878718509,1,NA,NA,NA
flores_coppock_2018,table_a2_vela_bilingual_constant_se,table_a2,"vela_bilingual, constant_se",0.016,0.016,3,1,0.01624833708041595,1,NA,NA,NA
flores_coppock_2018,table_a2_vela_bilingual_interaction,table_a2,"vela_bilingual, interaction",0.011,0.011,3,1,0.0106196001749248,1,NA,NA,NA
flores_coppock_2018,table_a2_vela_bilingual_interaction_se,table_a2,"vela_bilingual, interaction_se",0.034,0.034,3,1,0.03379052866360838,1,NA,NA,NA
flores_coppock_2018,table_a3_bush_bilingual_N,table_a3,"bush_bilingual, N",1861,1861,0,1,1861,1,NA,NA,NA
flores_coppock_2018,table_a3_bush_bilingual_Z_ad,table_a3,"bush_bilingual, Z_ad",0.135,0.135,3,1,0.13485558157688976,1,NA,NA,NA
flores_coppock_2018,table_a3_bush_bilingual_Z_ad_se,table_a3,"bush_bilingual, Z_ad_se",0.058,0.058,3,1,0.05766009621054715,1,NA,NA,NA
flores_coppock_2018,table_a3_bush_bilingual_Z_survey,table_a3,"bush_bilingual, Z_survey",0.043,0.043,3,1,0.04287821323219319,1,NA,NA,NA
flores_coppock_2018,table_a3_bush_bilingual_Z_survey_se,table_a3,"bush_bilingual, Z_survey_se",0.058,0.058,3,1,0.05816081411383633,1,NA,NA,NA
flores_coppock_2018,table_a3_bush_bilingual_constant,table_a3,"bush_bilingual, constant",1.738,1.738,3,1,1.7380952380952197,1,NA,NA,NA
flores_coppock_2018,table_a3_bush_bilingual_constant_se,table_a3,"bush_bilingual, constant_se",0.041,0.041,3,1,0.04061378928436092,1,NA,NA,NA
flores_coppock_2018,table_a3_bush_bilingual_interaction,table_a3,"bush_bilingual, interaction",-0.121,-0.121,3,1,-0.12062206122676236,1,NA,NA,NA
flores_coppock_2018,table_a3_bush_bilingual_interaction_se,table_a3,"bush_bilingual, interaction_se",0.083,0.083,3,1,0.083051829241479,1,NA,NA,NA
flores_coppock_2018,table_a3_coffman_bilingual_N,table_a3,"coffman_bilingual, N",1679,1679,0,1,1679,1,NA,NA,NA
flores_coppock_2018,table_a3_coffman_bilingual_Z_ad,table_a3,"coffman_bilingual, Z_ad",-0.04,-0.040,3,1,-0.0395069828475028,1,NA,NA,NA
flores_coppock_2018,table_a3_coffman_bilingual_Z_ad_se,table_a3,"coffman_bilingual, Z_ad_se",0.056,0.056,3,1,0.05619968028121572,1,NA,NA,NA
flores_coppock_2018,table_a3_coffman_bilingual_Z_survey,table_a3,"coffman_bilingual, Z_survey",-0.154,-0.154,3,1,-0.15443092280808268,1,NA,NA,NA
flores_coppock_2018,table_a3_coffman_bilingual_Z_survey_se,table_a3,"coffman_bilingual, Z_survey_se",0.057,0.057,3,1,0.05654139383523612,1,NA,NA,NA
flores_coppock_2018,table_a3_coffman_bilingual_constant,table_a3,"coffman_bilingual, constant",1.848,1.848,3,1,1.8480176211453712,1,NA,NA,NA
flores_coppock_2018,table_a3_coffman_bilingual_constant_se,table_a3,"coffman_bilingual, constant_se",0.038,0.038,3,1,0.03847920098819847,1,NA,NA,NA
flores_coppock_2018,table_a3_coffman_bilingual_interaction,table_a3,"coffman_bilingual, interaction",0.146,0.146,3,1,0.1464452188934125,1,NA,NA,NA
flores_coppock_2018,table_a3_coffman_bilingual_interaction_se,table_a3,"coffman_bilingual, interaction_se",0.082,0.082,3,1,0.08187760274663931,1,NA,NA,NA
flores_coppock_2018,table_a3_vela_bilingual_N,table_a3,"vela_bilingual, N",1680,1680,0,1,1680,1,NA,NA,NA
flores_coppock_2018,table_a3_vela_bilingual_Z_ad,table_a3,"vela_bilingual, Z_ad",0.107,0.107,3,1,0.10736468500443748,1,NA,NA,NA
flores_coppock_2018,table_a3_vela_bilingual_Z_ad_se,table_a3,"vela_bilingual, Z_ad_se",0.052,0.052,3,1,0.05208605862080261,1,NA,NA,NA
flores_coppock_2018,table_a3_vela_bilingual_Z_survey,table_a3,"vela_bilingual, Z_survey",0.016,0.016,3,1,0.01552795031055934,1,NA,NA,NA
flores_coppock_2018,table_a3_vela_bilingual_Z_survey_se,table_a3,"vela_bilingual, Z_survey_se",0.054,0.054,3,1,0.05352575043240788,1,NA,NA,NA
flores_coppock_2018,table_a3_vela_bilingual_constant,table_a3,"vela_bilingual, constant",1.913,1.913,3,1,1.9130434782608707,1,NA,NA,NA
flores_coppock_2018,table_a3_vela_bilingual_constant_se,table_a3,"vela_bilingual, constant_se",0.037,0.037,3,1,0.03741312670029777,1,NA,NA,NA
flores_coppock_2018,table_a3_vela_bilingual_interaction,table_a3,"vela_bilingual, interaction",-0.01,-0.010,3,1,-0.00975810310466222,1,NA,NA,NA
flores_coppock_2018,table_a3_vela_bilingual_interaction_se,table_a3,"vela_bilingual, interaction_se",0.076,0.076,3,1,0.07587306900640327,1,NA,NA,NA
flores_coppock_2018,table_a4_bush_bilingual_N,table_a4,"bush_bilingual, N",1862,1862,0,1,1862,1,NA,NA,NA
flores_coppock_2018,table_a4_bush_bilingual_Z_ad,table_a4,"bush_bilingual, Z_ad",0.248,0.248,3,1,0.2479951742246753,1,NA,NA,NA
flores_coppock_2018,table_a4_bush_bilingual_Z_ad_se,table_a4,"bush_bilingual, Z_ad_se",0.101,0.101,3,1,0.10137247549089246,1,NA,NA,NA
flores_coppock_2018,table_a4_bush_bilingual_Z_survey,table_a4,"bush_bilingual, Z_survey",0.249,0.249,3,1,0.24930084664597676,1,NA,NA,NA
flores_coppock_2018,table_a4_bush_bilingual_Z_survey_se,table_a4,"bush_bilingual, Z_survey_se",0.107,0.107,3,1,0.10720049554370596,1,NA,NA,NA
flores_coppock_2018,table_a4_bush_bilingual_constant,table_a4,"bush_bilingual, constant",4.768,4.768,3,1,4.7683982683982284,1,NA,NA,NA
flores_coppock_2018,table_a4_bush_bilingual_constant_se,table_a4,"bush_bilingual, constant_se",0.072,0.072,3,1,0.07206908871870016,1,NA,NA,NA
flores_coppock_2018,table_a4_bush_bilingual_interaction,table_a4,"bush_bilingual, interaction",-0.166,-0.166,3,1,-0.1656942892689212,1,NA,NA,NA
flores_coppock_2018,table_a4_bush_bilingual_interaction_se,table_a4,"bush_bilingual, interaction_se",0.151,0.151,3,1,0.15091700997445515,1,NA,NA,NA
flores_coppock_2018,table_a4_coffman_bilingual_N,table_a4,"coffman_bilingual, N",1680,1680,0,1,1680,1,NA,NA,NA
flores_coppock_2018,table_a4_coffman_bilingual_Z_ad,table_a4,"coffman_bilingual, Z_ad",-0.089,-0.089,3,1,-0.08859792689579973,1,NA,NA,NA
flores_coppock_2018,table_a4_coffman_bilingual_Z_ad_se,table_a4,"coffman_bilingual, Z_ad_se",0.104,0.104,3,1,0.10363072585841626,1,NA,NA,NA
flores_coppock_2018,table_a4_coffman_bilingual_Z_survey,table_a4,"coffman_bilingual, Z_survey",-0.016,-0.016,3,1,-0.01560387356111821,1,NA,NA,NA
flores_coppock_2018,table_a4_coffman_bilingual_Z_survey_se,table_a4,"coffman_bilingual, Z_survey_se",0.111,0.111,3,1,0.1108439579555216,1,NA,NA,NA
flores_coppock_2018,table_a4_coffman_bilingual_constant,table_a4,"coffman_bilingual, constant",4.954,4.954,3,1,4.953846153846158,1,NA,NA,NA
flores_coppock_2018,table_a4_coffman_bilingual_constant_se,table_a4,"coffman_bilingual, constant_se",0.076,0.076,3,1,0.07558107089563168,1,NA,NA,NA
flores_coppock_2018,table_a4_coffman_bilingual_interaction,table_a4,"coffman_bilingual, interaction",0.226,0.226,3,1,0.2264711321750679,1,NA,NA,NA
flores_coppock_2018,table_a4_coffman_bilingual_interaction_se,table_a4,"coffman_bilingual, interaction_se",0.155,0.155,3,1,0.15511269951083975,1,NA,NA,NA
flores_coppock_2018,table_a4_vela_bilingual_N,table_a4,"vela_bilingual, N",1680,1680,0,1,1680,1,NA,NA,NA
flores_coppock_2018,table_a4_vela_bilingual_Z_ad,table_a4,"vela_bilingual, Z_ad",0.166,0.166,3,1,0.16577963697360654,1,NA,NA,NA
flores_coppock_2018,table_a4_vela_bilingual_Z_ad_se,table_a4,"vela_bilingual, Z_ad_se",0.093,0.093,3,1,0.09340654340094064,1,NA,NA,NA
flores_coppock_2018,table_a4_vela_bilingual_Z_survey,table_a4,"vela_bilingual, Z_survey",0.25,0.250,3,1,0.25015800370491426,1,NA,NA,NA
flores_coppock_2018,table_a4_vela_bilingual_Z_survey_se,table_a4,"vela_bilingual, Z_survey_se",0.092,0.092,3,1,0.09249827051350012,1,NA,NA,NA
flores_coppock_2018,table_a4_vela_bilingual_constant,table_a4,"vela_bilingual, constant",4.945,4.945,3,1,4.9450800915331845,1,NA,NA,NA
flores_coppock_2018,table_a4_vela_bilingual_constant_se,table_a4,"vela_bilingual, constant_se",0.065,0.065,3,1,0.06474451234608768,1,NA,NA,NA
flores_coppock_2018,table_a4_vela_bilingual_interaction,table_a4,"vela_bilingual, interaction",-0.206,-0.206,3,1,-0.2061620891670816,1,NA,NA,NA
flores_coppock_2018,table_a4_vela_bilingual_interaction_se,table_a4,"vela_bilingual, interaction_se",0.135,0.135,3,1,0.13500647820574369,1,NA,NA,NA
flores_coppock_2018,table_b5_coffman_bilingual_democrat_N,table_b5,"coffman_bilingual_democrat, N",1029,1029,0,1,1029,1,NA,NA,NA
flores_coppock_2018,table_b5_coffman_bilingual_democrat_Z_ad,table_b5,"coffman_bilingual_democrat, Z_ad",-0.003,-0.003,3,1,-0.00269822288153537,1,NA,NA,NA
flores_coppock_2018,table_b5_coffman_bilingual_democrat_Z_ad_se,table_b5,"coffman_bilingual_democrat, Z_ad_se",0.027,0.027,3,1,0.02692831755741124,1,NA,NA,NA
flores_coppock_2018,table_b5_coffman_bilingual_democrat_constant,table_b5,"coffman_bilingual_democrat, constant",0.248,0.248,3,1,0.24813432835820776,1,NA,NA,NA
flores_coppock_2018,table_b5_coffman_bilingual_democrat_constant_se,table_b5,"coffman_bilingual_democrat, constant_se",0.019,0.019,3,1,0.0186739702614137,1,NA,NA,NA
flores_coppock_2018,table_b5_coffman_bilingual_republican_N,table_b5,"coffman_bilingual_republican, N",335,335,0,1,335,1,NA,NA,NA
flores_coppock_2018,table_b5_coffman_bilingual_republican_Z_ad,table_b5,"coffman_bilingual_republican, Z_ad",0.022,0.022,3,1,0.02232142857142859,1,NA,NA,NA
flores_coppock_2018,table_b5_coffman_bilingual_republican_Z_ad_se,table_b5,"coffman_bilingual_republican, Z_ad_se",0.045,0.045,3,1,0.04519955091948883,1,NA,NA,NA
flores_coppock_2018,table_b5_coffman_bilingual_republican_constant,table_b5,"coffman_bilingual_republican, constant",0.771,0.771,3,1,0.771428571428572,1,NA,NA,NA
flores_coppock_2018,table_b5_coffman_bilingual_republican_constant_se,table_b5,"coffman_bilingual_republican, constant_se",0.032,0.032,3,1,0.03183348654463745,1,NA,NA,NA
flores_coppock_2018,table_b5_coffman_monolingual_democrat_N,table_b5,"coffman_monolingual_democrat, N",579,579,0,1,579,1,NA,NA,NA
flores_coppock_2018,table_b5_coffman_monolingual_democrat_Z_ad,table_b5,"coffman_monolingual_democrat, Z_ad",-0.141,-0.141,3,1,-0.14051086178085473,1,NA,NA,NA
flores_coppock_2018,table_b5_coffman_monolingual_democrat_Z_ad_se,table_b5,"coffman_monolingual_democrat, Z_ad_se",0.033,0.033,3,1,0.03339650421153047,1,NA,NA,NA
flores_coppock_2018,table_b5_coffman_monolingual_democrat_constant,table_b5,"coffman_monolingual_democrat, constant",0.281,0.281,3,1,0.28135593220339034,1,NA,NA,NA
flores_coppock_2018,table_b5_coffman_monolingual_democrat_constant_se,table_b5,"coffman_monolingual_democrat, constant_se",0.026,0.026,3,1,0.02622474629860831,1,NA,NA,NA
flores_coppock_2018,table_b5_coffman_monolingual_republican_N,table_b5,"coffman_monolingual_republican, N",491,491,0,1,491,1,NA,NA,NA
flores_coppock_2018,table_b5_coffman_monolingual_republican_Z_ad,table_b5,"coffman_monolingual_republican, Z_ad",-0.168,-0.168,3,1,-0.16777464410421658,1,NA,NA,NA
flores_coppock_2018,table_b5_coffman_monolingual_republican_Z_ad_se,table_b5,"coffman_monolingual_republican, Z_ad_se",0.04,0.040,3,1,0.03999238458118393,1,NA,NA,NA
flores_coppock_2018,table_b5_coffman_monolingual_republican_constant,table_b5,"coffman_monolingual_republican, constant",0.816,0.816,3,1,0.8161764705882321,1,NA,NA,NA
flores_coppock_2018,table_b5_coffman_monolingual_republican_constant_se,table_b5,"coffman_monolingual_republican, constant_se",0.024,0.024,3,1,0.02352924218519307,1,NA,NA,NA
flores_coppock_2018,table_b5_vela_bilingual_democrat_N,table_b5,"vela_bilingual_democrat, N",1029,1029,0,1,1029,1,NA,NA,NA
flores_coppock_2018,table_b5_vela_bilingual_democrat_Z_ad,table_b5,"vela_bilingual_democrat, Z_ad",0.064,0.064,3,1,0.06364598291890267,1,NA,NA,NA
flores_coppock_2018,table_b5_vela_bilingual_democrat_Z_ad_se,table_b5,"vela_bilingual_democrat, Z_ad_se",0.026,0.026,3,1,0.02591960004275363,1,NA,NA,NA
flores_coppock_2018,table_b5_vela_bilingual_democrat_constant,table_b5,"vela_bilingual_democrat, constant",0.744,0.744,3,1,0.7442748091603055,1,NA,NA,NA
flores_coppock_2018,table_b5_vela_bilingual_democrat_constant_se,table_b5,"vela_bilingual_democrat, constant_se",0.019,0.019,3,1,0.01907667018465289,1,NA,NA,NA
flores_coppock_2018,table_b5_vela_bilingual_republican_N,table_b5,"vela_bilingual_republican, N",335,335,0,1,335,1,NA,NA,NA
flores_coppock_2018,table_b5_vela_bilingual_republican_Z_ad,table_b5,"vela_bilingual_republican, Z_ad",-0.01,-0.010,3,1,-0.01022954091816359,1,NA,NA,NA
flores_coppock_2018,table_b5_vela_bilingual_republican_Z_ad_se,table_b5,"vela_bilingual_republican, Z_ad_se",0.05,0.050,3,1,0.0495516271544221,1,NA,NA,NA
flores_coppock_2018,table_b5_vela_bilingual_republican_constant,table_b5,"vela_bilingual_republican, constant",0.292,0.292,3,1,0.29166666666666646,1,NA,NA,NA
flores_coppock_2018,table_b5_vela_bilingual_republican_constant_se,table_b5,"vela_bilingual_republican, constant_se",0.035,0.035,3,1,0.03517256196388204,1,NA,NA,NA
flores_coppock_2018,table_b5_vela_monolingual_democrat_N,table_b5,"vela_monolingual_democrat, N",579,579,0,1,579,1,NA,NA,NA
flores_coppock_2018,table_b5_vela_monolingual_democrat_Z_ad,table_b5,"vela_monolingual_democrat, Z_ad",-0.044,-0.044,3,1,-0.04365998710262988,1,NA,NA,NA
flores_coppock_2018,table_b5_vela_monolingual_democrat_Z_ad_se,table_b5,"vela_monolingual_democrat, Z_ad_se",0.04,0.040,3,1,0.04025262492830192,1,NA,NA,NA
flores_coppock_2018,table_b5_vela_monolingual_democrat_constant,table_b5,"vela_monolingual_democrat, constant",0.648,0.648,3,1,0.6476868327402132,1,NA,NA,NA
flores_coppock_2018,table_b5_vela_monolingual_democrat_constant_se,table_b5,"vela_monolingual_democrat, constant_se",0.029,0.029,3,1,0.02854749172339004,1,NA,NA,NA
flores_coppock_2018,table_b5_vela_monolingual_republican_N,table_b5,"vela_monolingual_republican, N",491,491,0,1,491,1,NA,NA,NA
flores_coppock_2018,table_b5_vela_monolingual_republican_Z_ad,table_b5,"vela_monolingual_republican, Z_ad",-0.011,-0.011,3,1,-0.01121299710953853,1,NA,NA,NA
flores_coppock_2018,table_b5_vela_monolingual_republican_Z_ad_se,table_b5,"vela_monolingual_republican, Z_ad_se",0.031,0.031,3,1,0.03062787961256403,1,NA,NA,NA
flores_coppock_2018,table_b5_vela_monolingual_republican_constant,table_b5,"vela_monolingual_republican, constant",0.138,0.138,3,1,0.137795275590551,1,NA,NA,NA
flores_coppock_2018,table_b5_vela_monolingual_republican_constant_se,table_b5,"vela_monolingual_republican, constant_se",0.022,0.022,3,1,0.02167015922534206,1,NA,NA,NA
flores_coppock_2018,table_b6_coffman_bilingual_democrat_N,table_b6,"coffman_bilingual_democrat, N",1029,1029,0,1,1029,1,NA,NA,NA
flores_coppock_2018,table_b6_coffman_bilingual_democrat_Z_ad,table_b6,"coffman_bilingual_democrat, Z_ad",0.146,0.146,3,1,0.14613923284187588,1,NA,NA,NA
flores_coppock_2018,table_b6_coffman_bilingual_democrat_Z_ad_se,table_b6,"coffman_bilingual_democrat, Z_ad_se",0.102,0.102,3,1,0.10235519005687133,1,NA,NA,NA
flores_coppock_2018,table_b6_coffman_bilingual_democrat_constant,table_b6,"coffman_bilingual_democrat, constant",4.722,4.722,3,1,4.72201492537313,1,NA,NA,NA
flores_coppock_2018,table_b6_coffman_bilingual_democrat_constant_se,table_b6,"coffman_bilingual_democrat, constant_se",0.072,0.072,3,1,0.07226629047017545,1,NA,NA,NA
flores_coppock_2018,table_b6_coffman_bilingual_republican_N,table_b6,"coffman_bilingual_republican, N",335,335,0,1,335,1,NA,NA,NA
flores_coppock_2018,table_b6_coffman_bilingual_republican_Z_ad,table_b6,"coffman_bilingual_republican, Z_ad",-0.303,-0.303,3,1,-0.3030357142857144,1,NA,NA,NA
flores_coppock_2018,table_b6_coffman_bilingual_republican_Z_ad_se,table_b6,"coffman_bilingual_republican, Z_ad_se",0.159,0.159,3,1,0.15932088003750788,1,NA,NA,NA
flores_coppock_2018,table_b6_coffman_bilingual_republican_constant,table_b6,"coffman_bilingual_republican, constant",5.634,5.634,3,1,5.634285714285711,1,NA,NA,NA
flores_coppock_2018,table_b6_coffman_bilingual_republican_constant_se,table_b6,"coffman_bilingual_republican, constant_se",0.112,0.112,3,1,0.11150475270442237,1,NA,NA,NA
flores_coppock_2018,table_b6_coffman_monolingual_democrat_N,table_b6,"coffman_monolingual_democrat, N",579,579,0,1,579,1,NA,NA,NA
flores_coppock_2018,table_b6_coffman_monolingual_democrat_Z_ad,table_b6,"coffman_monolingual_democrat, Z_ad",-0.702,-0.702,3,1,-0.7018858916209111,1,NA,NA,NA
flores_coppock_2018,table_b6_coffman_monolingual_democrat_Z_ad_se,table_b6,"coffman_monolingual_democrat, Z_ad_se",0.114,0.114,3,1,0.11405724247148616,1,NA,NA,NA
flores_coppock_2018,table_b6_coffman_monolingual_democrat_constant,table_b6,"coffman_monolingual_democrat, constant",4.969,4.969,3,1,4.969491525423729,1,NA,NA,NA
flores_coppock_2018,table_b6_coffman_monolingual_democrat_constant_se,table_b6,"coffman_monolingual_democrat, constant_se",0.086,0.086,3,1,0.08581682215991712,1,NA,NA,NA
flores_coppock_2018,table_b6_coffman_monolingual_republican_N,table_b6,"coffman_monolingual_republican, N",490,490,0,1,490,1,NA,NA,NA
flores_coppock_2018,table_b6_coffman_monolingual_republican_Z_ad,table_b6,"coffman_monolingual_republican, Z_ad",-1.004,-1.004,3,1,-1.0036090124123058,1,NA,NA,NA
flores_coppock_2018,table_b6_coffman_monolingual_republican_Z_ad_se,table_b6,"coffman_monolingual_republican, Z_ad_se",0.123,0.123,3,1,0.12273401704834834,1,NA,NA,NA
flores_coppock_2018,table_b6_coffman_monolingual_republican_constant,table_b6,"coffman_monolingual_republican, constant",5.467,5.467,3,1,5.466911764705893,1,NA,NA,NA
flores_coppock_2018,table_b6_coffman_monolingual_republican_constant_se,table_b6,"coffman_monolingual_republican, constant_se",0.083,0.083,3,1,0.083318136348023,1,NA,NA,NA
flores_coppock_2018,table_b6_vela_bilingual_democrat_N,table_b6,"vela_bilingual_democrat, N",1028,1028,0,1,1028,1,NA,NA,NA
flores_coppock_2018,table_b6_vela_bilingual_democrat_Z_ad,table_b6,"vela_bilingual_democrat, Z_ad",0.116,0.116,3,1,0.11574578940991231,1,NA,NA,NA
flores_coppock_2018,table_b6_vela_bilingual_democrat_Z_ad_se,table_b6,"vela_bilingual_democrat, Z_ad_se",0.082,0.082,3,1,0.08197458904909814,1,NA,NA,NA
flores_coppock_2018,table_b6_vela_bilingual_democrat_constant,table_b6,"vela_bilingual_democrat, constant",5.317,5.317,3,1,5.316793893129781,1,NA,NA,NA
flores_coppock_2018,table_b6_vela_bilingual_democrat_constant_se,table_b6,"vela_bilingual_democrat, constant_se",0.057,0.057,3,1,0.0573515594347338,1,NA,NA,NA
flores_coppock_2018,table_b6_vela_bilingual_republican_N,table_b6,"vela_bilingual_republican, N",335,335,0,1,335,1,NA,NA,NA
flores_coppock_2018,table_b6_vela_bilingual_republican_Z_ad,table_b6,"vela_bilingual_republican, Z_ad",-0.247,-0.247,3,1,-0.24675648702594755,1,NA,NA,NA
flores_coppock_2018,table_b6_vela_bilingual_republican_Z_ad_se,table_b6,"vela_bilingual_republican, Z_ad_se",0.16,0.160,3,1,0.15993706142617853,1,NA,NA,NA
flores_coppock_2018,table_b6_vela_bilingual_republican_constant,table_b6,"vela_bilingual_republican, constant",4.792,4.792,3,1,4.791666666666664,1,NA,NA,NA
flores_coppock_2018,table_b6_vela_bilingual_republican_constant_se,table_b6,"vela_bilingual_republican, constant_se",0.109,0.109,3,1,0.10938762283400588,1,NA,NA,NA
flores_coppock_2018,table_b6_vela_monolingual_democrat_N,table_b6,"vela_monolingual_democrat, N",578,578,0,1,578,1,NA,NA,NA
flores_coppock_2018,table_b6_vela_monolingual_democrat_Z_ad,table_b6,"vela_monolingual_democrat, Z_ad",-0.608,-0.608,3,1,-0.6084372003835092,1,NA,NA,NA
flores_coppock_2018,table_b6_vela_monolingual_democrat_Z_ad_se,table_b6,"vela_monolingual_democrat, Z_ad_se",0.102,0.102,3,1,0.10242021502196703,1,NA,NA,NA
flores_coppock_2018,table_b6_vela_monolingual_democrat_constant,table_b6,"vela_monolingual_democrat, constant",5.129,5.129,3,1,5.128571428571429,1,NA,NA,NA
flores_coppock_2018,table_b6_vela_monolingual_democrat_constant_se,table_b6,"vela_monolingual_democrat, constant_se",0.078,0.078,3,1,0.0776784426845931,1,NA,NA,NA
flores_coppock_2018,table_b6_vela_monolingual_republican_N,table_b6,"vela_monolingual_republican, N",491,491,0,1,491,1,NA,NA,NA
flores_coppock_2018,table_b6_vela_monolingual_republican_Z_ad,table_b6,"vela_monolingual_republican, Z_ad",-0.399,-0.399,3,1,-0.39903319047144625,1,NA,NA,NA
flores_coppock_2018,table_b6_vela_monolingual_republican_Z_ad_se,table_b6,"vela_monolingual_republican, Z_ad_se",0.118,0.118,3,1,0.11838338541043485,1,NA,NA,NA
flores_coppock_2018,table_b6_vela_monolingual_republican_constant,table_b6,"vela_monolingual_republican, constant",4.437,4.437,3,1,4.437007874015735,1,NA,NA,NA
flores_coppock_2018,table_b6_vela_monolingual_republican_constant_se,table_b6,"vela_monolingual_republican, constant_se",0.081,0.081,3,1,0.08146637460042272,1,NA,NA,NA
flores_coppock_2018,table_b7_coffman_bilingual_democrat_N,table_b7,"coffman_bilingual_democrat, N",1029,1029,0,1,1029,1,NA,NA,NA
flores_coppock_2018,table_b7_coffman_bilingual_democrat_Z_ad,table_b7,"coffman_bilingual_democrat, Z_ad",0.078,0.078,3,1,0.07805167872604524,1,NA,NA,NA
flores_coppock_2018,table_b7_coffman_bilingual_democrat_Z_ad_se,table_b7,"coffman_bilingual_democrat, Z_ad_se",0.028,0.028,3,1,0.0284384589305165,1,NA,NA,NA
flores_coppock_2018,table_b7_coffman_bilingual_democrat_constant,table_b7,"coffman_bilingual_democrat, constant",0.662,0.662,3,1,0.6623134328358206,1,NA,NA,NA
flores_coppock_2018,table_b7_coffman_bilingual_democrat_constant_se,table_b7,"coffman_bilingual_democrat, constant_se",0.02,0.020,3,1,0.02044616132978156,1,NA,NA,NA
flores_coppock_2018,table_b7_coffman_bilingual_republican_N,table_b7,"coffman_bilingual_republican, N",335,335,0,1,335,1,NA,NA,NA
flores_coppock_2018,table_b7_coffman_bilingual_republican_Z_ad,table_b7,"coffman_bilingual_republican, Z_ad",-0.055,-0.055,3,1,-0.05499999999999996,1,NA,NA,NA
flores_coppock_2018,table_b7_coffman_bilingual_republican_Z_ad_se,table_b7,"coffman_bilingual_republican, Z_ad_se",0.039,0.039,3,1,0.03892191438828093,1,NA,NA,NA
flores_coppock_2018,table_b7_coffman_bilingual_republican_constant,table_b7,"coffman_bilingual_republican, constant",0.88,0.880,3,1,0.8800000000000008,1,NA,NA,NA
flores_coppock_2018,table_b7_coffman_bilingual_republican_constant_se,table_b7,"coffman_bilingual_republican, constant_se",0.025,0.025,3,1,0.02463527048205762,1,NA,NA,NA
flores_coppock_2018,table_b7_coffman_monolingual_democrat_N,table_b7,"coffman_monolingual_democrat, N",575,575,0,1,575,1,NA,NA,NA
flores_coppock_2018,table_b7_coffman_monolingual_democrat_Z_ad,table_b7,"coffman_monolingual_democrat, Z_ad",-0.133,-0.133,3,1,-0.13263379565754124,1,NA,NA,NA
flores_coppock_2018,table_b7_coffman_monolingual_democrat_Z_ad_se,table_b7,"coffman_monolingual_democrat, Z_ad_se",0.037,0.037,3,1,0.03735494844189892,1,NA,NA,NA
flores_coppock_2018,table_b7_coffman_monolingual_democrat_constant,table_b7,"coffman_monolingual_democrat, constant",0.782,0.782,3,1,0.7815699658703076,1,NA,NA,NA
flores_coppock_2018,table_b7_coffman_monolingual_democrat_constant_se,table_b7,"coffman_monolingual_democrat, constant_se",0.024,0.024,3,1,0.02417957605822442,1,NA,NA,NA
flores_coppock_2018,table_b7_coffman_monolingual_republican_N,table_b7,"coffman_monolingual_republican, N",490,490,0,1,490,1,NA,NA,NA
flores_coppock_2018,table_b7_coffman_monolingual_republican_Z_ad,table_b7,"coffman_monolingual_republican, Z_ad",-0.181,-0.181,3,1,-0.18142876416621728,1,NA,NA,NA
flores_coppock_2018,table_b7_coffman_monolingual_republican_Z_ad_se,table_b7,"coffman_monolingual_republican, Z_ad_se",0.037,0.037,3,1,0.03696151451232161,1,NA,NA,NA
flores_coppock_2018,table_b7_coffman_monolingual_republican_constant,table_b7,"coffman_monolingual_republican, constant",0.879,0.879,3,1,0.8786764705882366,1,NA,NA,NA
flores_coppock_2018,table_b7_coffman_monolingual_republican_constant_se,table_b7,"coffman_monolingual_republican, constant_se",0.02,0.020,3,1,0.01983363748105803,1,NA,NA,NA
flores_coppock_2018,table_b7_vela_bilingual_democrat_N,table_b7,"vela_bilingual_democrat, N",1029,1029,0,1,1029,1,NA,NA,NA
flores_coppock_2018,table_b7_vela_bilingual_democrat_Z_ad,table_b7,"vela_bilingual_democrat, Z_ad",0.04,0.040,3,1,0.03961529740760351,1,NA,NA,NA
flores_coppock_2018,table_b7_vela_bilingual_democrat_Z_ad_se,table_b7,"vela_bilingual_democrat, Z_ad_se",0.017,0.017,3,1,0.01734387846945338,1,NA,NA,NA
flores_coppock_2018,table_b7_vela_bilingual_democrat_constant,table_b7,"vela_bilingual_democrat, constant",0.895,0.895,3,1,0.8950381679389326,1,NA,NA,NA
flores_coppock_2018,table_b7_vela_bilingual_democrat_constant_se,table_b7,"vela_bilingual_democrat, constant_se",0.013,0.013,3,1,0.01340249440778727,1,NA,NA,NA
flores_coppock_2018,table_b7_vela_bilingual_republican_N,table_b7,"vela_bilingual_republican, N",335,335,0,1,335,1,NA,NA,NA
flores_coppock_2018,table_b7_vela_bilingual_republican_Z_ad,table_b7,"vela_bilingual_republican, Z_ad",-0.049,-0.049,3,1,-0.04925862560593102,1,NA,NA,NA
flores_coppock_2018,table_b7_vela_bilingual_republican_Z_ad_se,table_b7,"vela_bilingual_republican, Z_ad_se",0.047,0.047,3,1,0.04743779470705319,1,NA,NA,NA
flores_coppock_2018,table_b7_vela_bilingual_republican_constant,table_b7,"vela_bilingual_republican, constant",0.774,0.774,3,1,0.7738095238095245,1,NA,NA,NA
flores_coppock_2018,table_b7_vela_bilingual_republican_constant_se,table_b7,"vela_bilingual_republican, constant_se",0.032,0.032,3,1,0.03237396979344417,1,NA,NA,NA
flores_coppock_2018,table_b7_vela_monolingual_democrat_N,table_b7,"vela_monolingual_democrat, N",576,576,0,1,576,1,NA,NA,NA
flores_coppock_2018,table_b7_vela_monolingual_democrat_Z_ad,table_b7,"vela_monolingual_democrat, Z_ad",-0.113,-0.113,3,1,-0.1125640870981362,1,NA,NA,NA
flores_coppock_2018,table_b7_vela_monolingual_democrat_Z_ad_se,table_b7,"vela_monolingual_democrat, Z_ad_se",0.032,0.032,3,1,0.03194584231917442,1,NA,NA,NA
flores_coppock_2018,table_b7_vela_monolingual_democrat_constant,table_b7,"vela_monolingual_democrat, constant",0.872,0.872,3,1,0.8718861209964435,1,NA,NA,NA
flores_coppock_2018,table_b7_vela_monolingual_democrat_constant_se,table_b7,"vela_monolingual_democrat, constant_se",0.02,0.020,3,1,0.01997326007174711,1,NA,NA,NA
flores_coppock_2018,table_b7_vela_monolingual_republican_N,table_b7,"vela_monolingual_republican, N",490,490,0,1,490,1,NA,NA,NA
flores_coppock_2018,table_b7_vela_monolingual_republican_Z_ad,table_b7,"vela_monolingual_republican, Z_ad",-0.226,-0.226,3,1,-0.22561056986520775,1,NA,NA,NA
flores_coppock_2018,table_b7_vela_monolingual_republican_Z_ad_se,table_b7,"vela_monolingual_republican, Z_ad_se",0.043,0.043,3,1,0.04334347019540132,1,NA,NA,NA
flores_coppock_2018,table_b7_vela_monolingual_republican_constant,table_b7,"vela_monolingual_republican, constant",0.709,0.709,3,1,0.7086614173228358,1,NA,NA,NA
flores_coppock_2018,table_b7_vela_monolingual_republican_constant_se,table_b7,"vela_monolingual_republican, constant_se",0.029,0.029,3,1,0.02856657247427789,1,NA,NA,NA
flores_coppock_2018,table_b8_coffman_bilingual_democrat_N,table_b8,"coffman_bilingual_democrat, N",1028,1028,0,1,1028,1,NA,NA,NA
flores_coppock_2018,table_b8_coffman_bilingual_democrat_Z_ad,table_b8,"coffman_bilingual_democrat, Z_ad",0.128,0.128,3,1,0.1284373755947756,1,NA,NA,NA
flores_coppock_2018,table_b8_coffman_bilingual_democrat_Z_ad_se,table_b8,"coffman_bilingual_democrat, Z_ad_se",0.052,0.052,3,1,0.05223542159059073,1,NA,NA,NA
flores_coppock_2018,table_b8_coffman_bilingual_democrat_constant,table_b8,"coffman_bilingual_democrat, constant",1.65,1.650,3,1,1.6504672897196284,1,NA,NA,NA
flores_coppock_2018,table_b8_coffman_bilingual_democrat_constant_se,table_b8,"coffman_bilingual_democrat, constant_se",0.036,0.036,3,1,0.03626075844136108,1,NA,NA,NA
flores_coppock_2018,table_b8_coffman_bilingual_republican_N,table_b8,"coffman_bilingual_republican, N",335,335,0,1,335,1,NA,NA,NA
flores_coppock_2018,table_b8_coffman_bilingual_republican_Z_ad,table_b8,"coffman_bilingual_republican, Z_ad",-0.139,-0.139,3,1,-0.13910714285714262,1,NA,NA,NA
flores_coppock_2018,table_b8_coffman_bilingual_republican_Z_ad_se,table_b8,"coffman_bilingual_republican, Z_ad_se",0.084,0.084,3,1,0.08356617982753022,1,NA,NA,NA
flores_coppock_2018,table_b8_coffman_bilingual_republican_constant,table_b8,"coffman_bilingual_republican, constant",2.183,2.183,3,1,2.1828571428571437,1,NA,NA,NA
flores_coppock_2018,table_b8_coffman_bilingual_republican_constant_se,table_b8,"coffman_bilingual_republican, constant_se",0.051,0.051,3,1,0.05130435646929139,1,NA,NA,NA
flores_coppock_2018,table_b8_coffman_monolingual_democrat_N,table_b8,"coffman_monolingual_democrat, N",577,577,0,1,577,1,NA,NA,NA
flores_coppock_2018,table_b8_coffman_monolingual_democrat_Z_ad,table_b8,"coffman_monolingual_democrat, Z_ad",-0.179,-0.179,3,1,-0.17860319749970072,1,NA,NA,NA
flores_coppock_2018,table_b8_coffman_monolingual_democrat_Z_ad_se,table_b8,"coffman_monolingual_democrat, Z_ad_se",0.067,0.067,3,1,0.06671197770806635,1,NA,NA,NA
flores_coppock_2018,table_b8_coffman_monolingual_democrat_constant,table_b8,"coffman_monolingual_democrat, constant",1.895,1.895,3,1,1.8949152542372791,1,NA,NA,NA
flores_coppock_2018,table_b8_coffman_monolingual_democrat_constant_se,table_b8,"coffman_monolingual_democrat, constant_se",0.047,0.047,3,1,0.04677324386125765,1,NA,NA,NA
flores_coppock_2018,table_b8_coffman_monolingual_republican_N,table_b8,"coffman_monolingual_republican, N",489,489,0,1,489,1,NA,NA,NA
flores_coppock_2018,table_b8_coffman_monolingual_republican_Z_ad,table_b8,"coffman_monolingual_republican, Z_ad",-0.491,-0.491,3,1,-0.4909697750067756,1,NA,NA,NA
flores_coppock_2018,table_b8_coffman_monolingual_republican_Z_ad_se,table_b8,"coffman_monolingual_republican, Z_ad_se",0.073,0.073,3,1,0.07268940664604222,1,NA,NA,NA
flores_coppock_2018,table_b8_coffman_monolingual_republican_constant,table_b8,"coffman_monolingual_republican, constant",2.099,2.099,3,1,2.099264705882345,1,NA,NA,NA
flores_coppock_2018,table_b8_coffman_monolingual_republican_constant_se,table_b8,"coffman_monolingual_republican, constant_se",0.043,0.043,3,1,0.04331847526505048,1,NA,NA,NA
flores_coppock_2018,table_b8_vela_bilingual_democrat_N,table_b8,"vela_bilingual_democrat, N",1029,1029,0,1,1029,1,NA,NA,NA
flores_coppock_2018,table_b8_vela_bilingual_democrat_Z_ad,table_b8,"vela_bilingual_democrat, Z_ad",0.11,0.110,3,1,0.10980273599879065,1,NA,NA,NA
flores_coppock_2018,table_b8_vela_bilingual_democrat_Z_ad_se,table_b8,"vela_bilingual_democrat, Z_ad_se",0.042,0.042,3,1,0.04218080561565623,1,NA,NA,NA
flores_coppock_2018,table_b8_vela_bilingual_democrat_constant,table_b8,"vela_bilingual_democrat, constant",2.076,2.076,3,1,2.0763358778625944,1,NA,NA,NA
flores_coppock_2018,table_b8_vela_bilingual_democrat_constant_se,table_b8,"vela_bilingual_democrat, constant_se",0.029,0.029,3,1,0.02915490746566138,1,NA,NA,NA
flores_coppock_2018,table_b8_vela_bilingual_republican_N,table_b8,"vela_bilingual_republican, N",335,335,0,1,335,1,NA,NA,NA
flores_coppock_2018,table_b8_vela_bilingual_republican_Z_ad,table_b8,"vela_bilingual_republican, Z_ad",-0.073,-0.073,3,1,-0.07338893641288853,1,NA,NA,NA
flores_coppock_2018,table_b8_vela_bilingual_republican_Z_ad_se,table_b8,"vela_bilingual_republican, Z_ad_se",0.096,0.096,3,1,0.09594883252691064,1,NA,NA,NA
flores_coppock_2018,table_b8_vela_bilingual_republican_constant,table_b8,"vela_bilingual_republican, constant",1.744,1.744,3,1,1.7440476190476195,1,NA,NA,NA
flores_coppock_2018,table_b8_vela_bilingual_republican_constant_se,table_b8,"vela_bilingual_republican, constant_se",0.071,0.071,3,1,0.07063857161188383,1,NA,NA,NA
flores_coppock_2018,table_b8_vela_monolingual_democrat_N,table_b8,"vela_monolingual_democrat, N",577,577,0,1,577,1,NA,NA,NA
flores_coppock_2018,table_b8_vela_monolingual_democrat_Z_ad,table_b8,"vela_monolingual_democrat, Z_ad",-0.181,-0.181,3,1,-0.18067711839953796,1,NA,NA,NA
flores_coppock_2018,table_b8_vela_monolingual_democrat_Z_ad_se,table_b8,"vela_monolingual_democrat, Z_ad_se",0.062,0.062,3,1,0.0624881257861517,1,NA,NA,NA
flores_coppock_2018,table_b8_vela_monolingual_democrat_constant,table_b8,"vela_monolingual_democrat, constant",2.032,2.032,3,1,2.0320284697508786,1,NA,NA,NA
flores_coppock_2018,table_b8_vela_monolingual_democrat_constant_se,table_b8,"vela_monolingual_democrat, constant_se",0.041,0.041,3,1,0.04137810080692968,1,NA,NA,NA
flores_coppock_2018,table_b8_vela_monolingual_republican_N,table_b8,"vela_monolingual_republican, N",490,490,0,1,490,1,NA,NA,NA
flores_coppock_2018,table_b8_vela_monolingual_republican_Z_ad,table_b8,"vela_monolingual_republican, Z_ad",-0.192,-0.192,3,1,-0.19217936740958252,1,NA,NA,NA
flores_coppock_2018,table_b8_vela_monolingual_republican_Z_ad_se,table_b8,"vela_monolingual_republican, Z_ad_se",0.079,0.079,3,1,0.0794784875024386,1,NA,NA,NA
flores_coppock_2018,table_b8_vela_monolingual_republican_constant,table_b8,"vela_monolingual_republican, constant",1.48,1.480,3,1,1.4803149606299233,1,NA,NA,NA
flores_coppock_2018,table_b8_vela_monolingual_republican_constant_se,table_b8,"vela_monolingual_republican, constant_se",0.052,0.052,3,1,0.05164523822100132,1,NA,NA,NA
flores_coppock_2018,table_c9_bush_bilingual_N,table_c9,"bush_bilingual, N",1849,1849,0,1,1849,1,NA,NA,NA
flores_coppock_2018,table_c9_bush_bilingual_Z_ad,table_c9,"bush_bilingual, Z_ad",0.196,0.196,3,1,0.1964603813947812,1,NA,NA,NA
flores_coppock_2018,table_c9_bush_bilingual_Z_ad_se,table_c9,"bush_bilingual, Z_ad_se",0.093,0.093,3,1,0.09326007542491084,1,NA,NA,NA
flores_coppock_2018,table_c9_bush_bilingual_Z_survey,table_c9,"bush_bilingual, Z_survey",0.022,0.022,3,1,0.02175744821990036,1,NA,NA,NA
flores_coppock_2018,table_c9_bush_bilingual_Z_survey_se,table_c9,"bush_bilingual, Z_survey_se",0.093,0.093,3,1,0.09325866225797425,1,NA,NA,NA
flores_coppock_2018,table_c9_bush_bilingual_aic,table_c9,"bush_bilingual, aic",2560.86,2560.860,3,1,2560.860096038609,1,NA,NA,NA
flores_coppock_2018,table_c9_bush_bilingual_constant,table_c9,"bush_bilingual, constant",-0.203,-0.203,3,1,-0.20275960065738743,1,NA,NA,NA
flores_coppock_2018,table_c9_bush_bilingual_constant_se,table_c9,"bush_bilingual, constant_se",0.081,0.081,3,1,0.08104115937812473,1,NA,NA,NA
flores_coppock_2018,table_c9_bush_bilingual_log_likelihood,table_c9,"bush_bilingual, log_likelihood",-1277.43,-1277.430,3,1,-1277.4300480193044,1,NA,NA,NA
flores_coppock_2018,table_c9_coffman_bilingual_N,table_c9,"coffman_bilingual, N",1681,1681,0,1,1681,1,NA,NA,NA
flores_coppock_2018,table_c9_coffman_bilingual_Z_ad,table_c9,"coffman_bilingual, Z_ad",0.012,0.012,3,1,0.01158495644468513,1,NA,NA,NA
flores_coppock_2018,table_c9_coffman_bilingual_Z_ad_se,table_c9,"coffman_bilingual, Z_ad_se",0.101,0.101,3,1,0.1010303149707002,1,NA,NA,NA
flores_coppock_2018,table_c9_coffman_bilingual_Z_survey,table_c9,"coffman_bilingual, Z_survey",-0.119,-0.119,3,1,-0.11903196218044308,1,NA,NA,NA
flores_coppock_2018,table_c9_coffman_bilingual_Z_survey_se,table_c9,"coffman_bilingual, Z_survey_se",0.101,0.101,3,1,0.10113541641000674,1,NA,NA,NA
flores_coppock_2018,table_c9_coffman_bilingual_aic,table_c9,"coffman_bilingual, aic",2224.255,2224.255,3,1,2224.2554658036247,1,NA,NA,NA
flores_coppock_2018,table_c9_coffman_bilingual_constant,table_c9,"coffman_bilingual, constant",-0.471,-0.471,3,1,-0.471161055565224,1,NA,NA,NA
flores_coppock_2018,table_c9_coffman_bilingual_constant_se,table_c9,"coffman_bilingual, constant_se",0.085,0.085,3,1,0.08475390087025766,1,NA,NA,NA
flores_coppock_2018,table_c9_coffman_bilingual_log_likelihood,table_c9,"coffman_bilingual, log_likelihood",-1109.128,-1109.128,3,1,-1109.1277329018124,1,NA,NA,NA
flores_coppock_2018,table_c9_coffman_monolingual_N,table_c9,"coffman_monolingual, N",1343,1343,0,1,1343,1,NA,NA,NA
flores_coppock_2018,table_c9_coffman_monolingual_Z_ad,table_c9,"coffman_monolingual, Z_ad",-0.78,-0.780,3,1,-0.7796229370177254,1,NA,NA,NA
flores_coppock_2018,table_c9_coffman_monolingual_Z_ad_se,table_c9,"coffman_monolingual, Z_ad_se",0.113,0.113,3,1,0.11328597443446509,1,NA,NA,NA
flores_coppock_2018,table_c9_coffman_monolingual_aic,table_c9,"coffman_monolingual, aic",1786.53,1786.530,3,1,1786.5296350666597,1,NA,NA,NA
flores_coppock_2018,table_c9_coffman_monolingual_constant,table_c9,"coffman_monolingual, constant",0.051,0.051,3,1,0.05071509257901399,1,NA,NA,NA
flores_coppock_2018,table_c9_coffman_monolingual_constant_se,table_c9,"coffman_monolingual, constant_se",0.075,0.075,3,1,0.07508279535058131,1,NA,NA,NA
flores_coppock_2018,table_c9_coffman_monolingual_log_likelihood,table_c9,"coffman_monolingual, log_likelihood",-891.265,-891.265,3,1,-891.2648175333297,1,NA,NA,NA
flores_coppock_2018,table_c9_vela_bilingual_N,table_c9,"vela_bilingual, N",1680,1680,0,1,1680,1,NA,NA,NA
flores_coppock_2018,table_c9_vela_bilingual_Z_ad,table_c9,"vela_bilingual, Z_ad",0.203,0.203,3,1,0.20260591314370163,1,NA,NA,NA
flores_coppock_2018,table_c9_vela_bilingual_Z_ad_se,table_c9,"vela_bilingual, Z_ad_se",0.1,0.100,3,1,0.0998566355284504,1,NA,NA,NA
flores_coppock_2018,table_c9_vela_bilingual_Z_survey,table_c9,"vela_bilingual, Z_survey",0.304,0.304,3,1,0.30415961224845467,1,NA,NA,NA
flores_coppock_2018,table_c9_vela_bilingual_Z_survey_se,table_c9,"vela_bilingual, Z_survey_se",0.1,0.100,3,1,0.10005402130998968,1,NA,NA,NA
flores_coppock_2018,table_c9_vela_bilingual_aic,table_c9,"vela_bilingual, aic",2262.869,2262.869,3,1,2262.868714838801,1,NA,NA,NA
flores_coppock_2018,table_c9_vela_bilingual_constant,table_c9,"vela_bilingual, constant",0.137,0.137,3,1,0.13686247954836564,1,NA,NA,NA
flores_coppock_2018,table_c9_vela_bilingual_constant_se,table_c9,"vela_bilingual, constant_se",0.084,0.084,3,1,0.08419154113993349,1,NA,NA,NA
flores_coppock_2018,table_c9_vela_bilingual_log_likelihood,table_c9,"vela_bilingual, log_likelihood",-1128.434,-1128.434,3,1,-1128.4343574194006,1,NA,NA,NA
flores_coppock_2018,table_c9_vela_monolingual_N,table_c9,"vela_monolingual, N",1343,1343,0,1,1343,1,NA,NA,NA
flores_coppock_2018,table_c9_vela_monolingual_Z_ad,table_c9,"vela_monolingual, Z_ad",-0.088,-0.088,3,1,-0.08778062561990527,1,NA,NA,NA
flores_coppock_2018,table_c9_vela_monolingual_Z_ad_se,table_c9,"vela_monolingual, Z_ad_se",0.114,0.114,3,1,0.1140279060670713,1,NA,NA,NA
flores_coppock_2018,table_c9_vela_monolingual_aic,table_c9,"vela_monolingual, aic",1752.085,1752.085,3,1,1752.085244036006,1,NA,NA,NA
flores_coppock_2018,table_c9_vela_monolingual_constant,table_c9,"vela_monolingual, constant",-0.55,-0.550,3,1,-0.5497348589538013,1,NA,NA,NA
flores_coppock_2018,table_c9_vela_monolingual_constant_se,table_c9,"vela_monolingual, constant_se",0.08,0.080,3,1,0.07990638909379702,1,NA,NA,NA
flores_coppock_2018,table_c9_vela_monolingual_log_likelihood,table_c9,"vela_monolingual, log_likelihood",-874.043,-874.043,3,1,-874.042622018003,1,NA,NA,NA
flores_coppock_2018,table_c10_bush_bilingual_N,table_c10,"bush_bilingual, N",1858,1858,0,1,1858,1,NA,NA,NA
flores_coppock_2018,table_c10_bush_bilingual_Z_ad,table_c10,"bush_bilingual, Z_ad",0.193,0.193,3,1,0.1928247526413389,1,NA,NA,NA
flores_coppock_2018,table_c10_bush_bilingual_Z_ad_se,table_c10,"bush_bilingual, Z_ad_se",0.106,0.106,3,1,0.1055153732273194,1,NA,NA,NA
flores_coppock_2018,table_c10_bush_bilingual_Z_survey,table_c10,"bush_bilingual, Z_survey",-0.179,-0.179,3,1,-0.17930034652797688,1,NA,NA,NA
flores_coppock_2018,table_c10_bush_bilingual_Z_survey_se,table_c10,"bush_bilingual, Z_survey_se",0.105,0.105,3,1,0.10549894942598192,1,NA,NA,NA
flores_coppock_2018,table_c10_bush_bilingual_aic,table_c10,"bush_bilingual, aic",2143.54,2143.540,3,1,2143.540185913921,1,NA,NA,NA
flores_coppock_2018,table_c10_bush_bilingual_constant,table_c10,"bush_bilingual, constant",1.02,1.020,3,1,1.0203627595418574,1,NA,NA,NA
flores_coppock_2018,table_c10_bush_bilingual_constant_se,table_c10,"bush_bilingual, constant_se",0.091,0.091,3,1,0.09133208432440264,1,NA,NA,NA
flores_coppock_2018,table_c10_bush_bilingual_log_likelihood,table_c10,"bush_bilingual, log_likelihood",-1068.77,-1068.770,3,1,-1068.7700929569603,1,NA,NA,NA
flores_coppock_2018,table_c10_coffman_bilingual_N,table_c10,"coffman_bilingual, N",1680,1680,0,1,1680,1,NA,NA,NA
flores_coppock_2018,table_c10_coffman_bilingual_Z_ad,table_c10,"coffman_bilingual, Z_ad",0.18,0.180,3,1,0.1803143451856564,1,NA,NA,NA
flores_coppock_2018,table_c10_coffman_bilingual_Z_ad_se,table_c10,"coffman_bilingual, Z_ad_se",0.112,0.112,3,1,0.11179340955874216,1,NA,NA,NA
flores_coppock_2018,table_c10_coffman_bilingual_Z_survey,table_c10,"coffman_bilingual, Z_survey",-0.233,-0.233,3,1,-0.233052259429724,1,NA,NA,NA
flores_coppock_2018,table_c10_coffman_bilingual_Z_survey_se,table_c10,"coffman_bilingual, Z_survey_se",0.111,0.111,3,1,0.11138392440858168,1,NA,NA,NA
flores_coppock_2018,table_c10_coffman_bilingual_aic,table_c10,"coffman_bilingual, aic",1926.946,1926.946,3,1,1926.9461230997892,1,NA,NA,NA
flores_coppock_2018,table_c10_coffman_bilingual_constant,table_c10,"coffman_bilingual, constant",1.072,1.072,3,1,1.072427654610855,1,NA,NA,NA
flores_coppock_2018,table_c10_coffman_bilingual_constant_se,table_c10,"coffman_bilingual, constant_se",0.094,0.094,3,1,0.09430179339325578,1,NA,NA,NA
flores_coppock_2018,table_c10_coffman_bilingual_log_likelihood,table_c10,"coffman_bilingual, log_likelihood",-960.473,-960.473,3,1,-960.4730615498946,1,NA,NA,NA
flores_coppock_2018,table_c10_coffman_monolingual_N,table_c10,"coffman_monolingual, N",1337,1337,0,1,1337,1,NA,NA,NA
flores_coppock_2018,table_c10_coffman_monolingual_Z_ad,table_c10,"coffman_monolingual, Z_ad",-0.82,-0.820,3,1,-0.8203424380982351,1,NA,NA,NA
flores_coppock_2018,table_c10_coffman_monolingual_Z_ad_se,table_c10,"coffman_monolingual, Z_ad_se",0.128,0.128,3,1,0.12825452283056987,1,NA,NA,NA
flores_coppock_2018,table_c10_coffman_monolingual_aic,table_c10,"coffman_monolingual, aic",1488.777,1488.777,3,1,1488.777377149568,1,NA,NA,NA
flores_coppock_2018,table_c10_coffman_monolingual_constant,table_c10,"coffman_monolingual, constant",1.483,1.483,3,1,1.4826449433069524,1,NA,NA,NA
flores_coppock_2018,table_c10_coffman_monolingual_constant_se,table_c10,"coffman_monolingual, constant_se",0.097,0.097,3,1,0.0967816557436982,1,NA,NA,NA
flores_coppock_2018,table_c10_coffman_monolingual_log_likelihood,table_c10,"coffman_monolingual, log_likelihood",-742.389,-742.389,3,1,-742.3886885747839,1,NA,NA,NA
flores_coppock_2018,table_c10_vela_bilingual_N,table_c10,"vela_bilingual, N",1680,1680,0,1,1680,1,NA,NA,NA
flores_coppock_2018,table_c10_vela_bilingual_Z_ad,table_c10,"vela_bilingual, Z_ad",0.148,0.148,3,1,0.14845455636850086,1,NA,NA,NA
flores_coppock_2018,table_c10_vela_bilingual_Z_ad_se,table_c10,"vela_bilingual, Z_ad_se",0.142,0.142,3,1,0.14201757457922673,1,NA,NA,NA
flores_coppock_2018,table_c10_vela_bilingual_Z_survey,table_c10,"vela_bilingual, Z_survey",-0.201,-0.201,3,1,-0.2014701305225887,1,NA,NA,NA
flores_coppock_2018,table_c10_vela_bilingual_Z_survey_se,table_c10,"vela_bilingual, Z_survey_se",0.142,0.142,3,1,0.1416698498543043,1,NA,NA,NA
flores_coppock_2018,table_c10_vela_bilingual_aic,table_c10,"vela_bilingual, aic",1351.811,1351.811,3,1,1351.8105312937926,1,NA,NA,NA
flores_coppock_2018,table_c10_vela_bilingual_constant,table_c10,"vela_bilingual, constant",1.86,1.860,3,1,1.860448974772392,1,NA,NA,NA
flores_coppock_2018,table_c10_vela_bilingual_constant_se,table_c10,"vela_bilingual, constant_se",0.122,0.122,3,1,0.12190667393290912,1,NA,NA,NA
flores_coppock_2018,table_c10_vela_bilingual_log_likelihood,table_c10,"vela_bilingual, log_likelihood",-672.905,-672.905,3,1,-672.9052656468963,1,NA,NA,NA
flores_coppock_2018,table_c10_vela_monolingual_N,table_c10,"vela_monolingual, N",1336,1336,0,1,1336,1,NA,NA,NA
flores_coppock_2018,table_c10_vela_monolingual_Z_ad,table_c10,"vela_monolingual, Z_ad",-0.743,-0.743,3,1,-0.7427352146434782,1,NA,NA,NA
flores_coppock_2018,table_c10_vela_monolingual_Z_ad_se,table_c10,"vela_monolingual, Z_ad_se",0.123,0.123,3,1,0.12299094978972754,1,NA,NA,NA
flores_coppock_2018,table_c10_vela_monolingual_aic,table_c10,"vela_monolingual, aic",1587.141,1587.141,3,1,1587.1408245200596,1,NA,NA,NA
flores_coppock_2018,table_c10_vela_monolingual_constant,table_c10,"vela_monolingual, constant",1.268,1.268,3,1,1.2680889389723828,1,NA,NA,NA
flores_coppock_2018,table_c10_vela_monolingual_constant_se,table_c10,"vela_monolingual, constant_se",0.093,0.093,3,1,0.09304776923174853,1,NA,NA,NA
flores_coppock_2018,table_c10_vela_monolingual_log_likelihood,table_c10,"vela_monolingual, log_likelihood",-791.57,-791.570,3,1,-791.5704122600298,1,NA,NA,NA
flores_coppock_2018,design_linked_fate_top,text,4 is said to indicate a lot,NA,4,0,NA,3,0,NA,paper_internal,The top of the deposited linked fate variable is 3
flores_coppock_2018,design_confidence_top,text,4 is said to indicate greater confidence,NA,4,0,NA,3,0,NA,paper_internal,The top of the deposited confidence variable is 3
flores_coppock_2018,design_factorial_ad_levels,text,A 2 x 2 design: advertisement-language arms,NA,2,0,NA,2,1,NA,NA,NA
flores_coppock_2018,design_factorial_survey_levels,text,A 2 x 2 design: survey-language arms,NA,2,0,NA,2,1,NA,NA,NA
flores_coppock_2018,discussion_majority_bilingual,text,A Spanish strategy can lose ground above a half-bilingual electorate,NA,NA,0,NA,NA,NA,TRUE,NA,NA
flores_coppock_2018,results_mono_no_party_difference,text,Among monolinguals the pattern does not differ by party,NA,NA,0,NA,NA,NA,TRUE,NA,"Read as the following sentence glosses it, that Republicans and Democrats alike respond negatively: all 16 monolingual estimates are negative. On the stricter reading, two of the eight Democrat-Republican differences separate from zero at 0.05"
flores_coppock_2018,appendix_a_dependent_variables,text,Appendix A covers all four dependent variables,NA,4,0,NA,4,1,NA,NA,NA
flores_coppock_2018,appendix_c_ame_matches_ols,text,Average marginal effects match OLS to the second decimal place,NA,NA,0,NA,NA,NA,TRUE,NA,NA
flores_coppock_2018,design_chisq_statistic,text,Balance test: chi-squared statistic,7.2578,7.3,1,1,7.257843724296283,1,NA,NA,NA
flores_coppock_2018,design_chisq_df,text,Balance test: degrees of freedom,7,7,0,1,7,1,NA,NA,NA
flores_coppock_2018,design_chisq_p,text,Balance test: p-value,0.4025,0.40,2,1,0.4025361483802859,1,NA,NA,NA
flores_coppock_2018,results_bilingual_party_direction,text,Bilingual Democrats respond positively and bilingual Republicans negatively,NA,NA,0,NA,NA,NA,TRUE,NA,"Taken per candidate over the four outcomes Figure 2 plots. The exception on both sides is the Coffman general election cell, which is not separable from zero"
flores_coppock_2018,results_bilingual_cares_magnitude,text,Bilingual effects on candidate caring are on the order of 2 to 3 points,NA,NA,0,NA,NA,NA,NA,NA,"An approximate claim: the three bilingual effects run 1.8 to 3.7 points, which the sentence hedges"
flores_coppock_2018,results_both_significant,text,Both bilingual advertisement effects are significant,NA,NA,0,NA,NA,NA,TRUE,NA,NA
flores_coppock_2018,results_linked_fate_both_significant,text,Both linked fate estimates are significant,NA,NA,0,NA,NA,NA,TRUE,NA,NA
flores_coppock_2018,discussion_effect_five_points,text,Bush and Vela bilinguals were about five points more likely to support,4.9,5,0,1,4.875843388833116,1,NA,NA,NA
flores_coppock_2018,results_bush_ate,text,Bush bilingual advertisement effect,4.9,4.9,1,1,4.896649860286398,1,NA,NA,NA
flores_coppock_2018,results_bush_ate_se,text,"Bush bilingual advertisement effect, standard error",2.3,2.3,1,1,2.322386529140891,1,NA,NA,NA
flores_coppock_2018,intro_bush_recruited,text,Bush experiment: bilinguals recruited,NA,2866,0,NA,2866,1,NA,NA,NA
flores_coppock_2018,intro_bush_passed,text,Bush experiment: bilinguals who passed the quiz,NA,1862,0,NA,1862,1,NA,NA,NA
flores_coppock_2018,design_cares_low,text,Candidate cares is coded 0 for does not care,NA,0,0,NA,0,1,NA,NA,NA
flores_coppock_2018,design_cares_high,text,Candidate cares is coded 1 for cares,NA,1,0,NA,1,1,NA,NA,NA
flores_coppock_2018,design_general_low,text,Candidate preference is coded 0 otherwise,NA,0,0,NA,0,1,NA,NA,NA
flores_coppock_2018,design_general_high,text,Candidate preference is coded 1 for the advertising candidate,NA,1,0,NA,1,1,NA,NA,NA
flores_coppock_2018,results_coffman_dem_ate,text,Coffman monolingual Democrat advertisement effect,-14.099999999999998,-14.1,1,1,-14.051086178085471,1,NA,NA,NA
flores_coppock_2018,results_coffman_dem_ate_se,text,"Coffman monolingual Democrat effect, standard error",3.3000000000000003,3.3,1,1,3.339650421153047,1,NA,NA,NA
flores_coppock_2018,results_coffman_rep_ate,text,Coffman monolingual Republican advertisement effect,-16.8,-16.8,1,1,-16.777464410421658,1,NA,NA,NA
flores_coppock_2018,results_coffman_rep_ate_se,text,"Coffman monolingual Republican effect, standard error",4,4.0,1,1,3.9992384581183935,1,NA,NA,NA
flores_coppock_2018,results_coffman_mono_ate,text,Coffman monolingual advertisement effect,-18.7,-18.7,1,1,-18.72416171595139,1,NA,NA,NA
flores_coppock_2018,results_coffman_mono_ate_se,text,"Coffman monolingual advertisement effect, standard error",2.6,2.6,1,1,2.645251048376886,1,NA,NA,NA
flores_coppock_2018,results_coffman_mono_cares,text,Coffman monolingual effect on candidate caring,-15.5,-15.5,1,1,-15.519432692912227,1,NA,NA,NA
flores_coppock_2018,results_coffman_mono_cares_se,text,"Coffman monolingual effect on candidate caring, standard error",2.4,2.4,1,1,2.388982213479525,1,NA,NA,NA
flores_coppock_2018,results_coffman_control_support,text,Coffman's support in the monolingual control group,51.300000000000004,51,0,1,51.267605633803115,1,NA,NA,NA
flores_coppock_2018,design_confidence_min,text,Confidence is said to run from 1,NA,1,0,NA,0,0,NA,paper_internal,"The deposited confidence variable runs 0 to 3, and Table 8's control means are on that scale"
flores_coppock_2018,design_confidence_max,text,Confidence is said to run to 4,NA,4,0,NA,3,0,NA,paper_internal,"The deposited confidence variable runs 0 to 3, and Table 8's control means are on that scale"
flores_coppock_2018,results_linked_fate_bush,text,"Effect of the Spanish survey on linked fate, Bush experiment",0.243,0.24,2,1,0.2427222832052696,1,NA,NA,NA
flores_coppock_2018,results_vela_survey_ate,text,Effect of the Spanish survey on support for Vela,7.3,7.3,1,1,7.295796961285839,1,NA,NA,NA
flores_coppock_2018,results_vela_survey_ate_se,text,"Effect of the Spanish survey on support for Vela, standard error",2.4,2.4,1,1,2.390292897354174,1,NA,NA,NA
flores_coppock_2018,results_bush_like_ate,text,Effect on liking Bush,0.167,0.167,3,1,0.1668109474420808,1,NA,NA,NA
flores_coppock_2018,results_bush_like_ate_se,text,"Effect on liking Bush, standard error",0.075,0.075,3,1,0.07532993746019008,1,NA,NA,NA
flores_coppock_2018,results_linked_fate_bush_se,text,"Effect on linked fate, Bush experiment, standard error",0.04,0.04,2,1,0.04030021104028922,1,NA,NA,NA
flores_coppock_2018,results_linked_fate_vela_coffman,text,"Effect on linked fate, Vela and Coffman experiments",0.131,0.13,2,1,0.1311056828917476,1,NA,NA,NA
flores_coppock_2018,results_linked_fate_vela_coffman_se,text,"Effect on linked fate, Vela and Coffman, standard error",0.041,0.04,2,1,0.04126566016011627,1,NA,NA,NA
flores_coppock_2018,design_exp1_bilinguals,text,Experiment 1's bilingual sample,NA,1862,0,NA,1862,1,NA,NA,NA
flores_coppock_2018,design_exp23_bilinguals,text,Experiments 2 and 3: bilingual sample,NA,1681,0,NA,1681,1,NA,NA,NA
flores_coppock_2018,design_exp23_monolinguals,text,Experiments 2 and 3: monolingual sample,NA,1344,0,NA,1344,1,NA,NA,NA
flores_coppock_2018,design_outcome_measures,text,Five outcome measures,NA,5,0,NA,5,1,NA,NA,NA
flores_coppock_2018,results_nonresponse_tests,text,Formal tests of non-response against treatment assignment,NA,NA,0,NA,NA,NA,NA,archive,No counterpart in the deposit: none of its eight scripts tests item non-response against assignment
flores_coppock_2018,design_half_english,text,Half the subjects took the survey in English,NA,NA,0,NA,NA,NA,TRUE,NA,NA
flores_coppock_2018,results_interaction_sig_10,text,Interactions significant at the 10 per cent level,NA,2,0,NA,2,1,NA,NA,NA
flores_coppock_2018,results_interaction_sig_05,text,Interactions significant at the 5 per cent level,NA,0,0,NA,0,1,NA,NA,NA
flores_coppock_2018,results_n_varies,text,Item non-response moves the analysed sample only slightly,NA,NA,0,NA,NA,NA,TRUE,NA,NA
flores_coppock_2018,results_seven_point_scale,text,Liking is measured on a seven-point scale,NA,7,0,NA,7,1,NA,NA,NA
flores_coppock_2018,design_like_scale_min,text,Liking runs from 1,NA,1,0,NA,1,1,NA,NA,NA
flores_coppock_2018,design_like_scale_max,text,Liking runs to 7,NA,7,0,NA,7,1,NA,NA,NA
flores_coppock_2018,design_linked_fate_min,text,Linked fate is said to run from 1,NA,1,0,NA,0,0,NA,paper_internal,"The deposited linked fate variable runs 0 to 3, and Table 9's control means are on that scale"
flores_coppock_2018,design_linked_fate_max,text,Linked fate is said to run to 4,NA,4,0,NA,3,0,NA,paper_internal,"The deposited linked fate variable runs 0 to 3, and Table 9's control means are on that scale"
flores_coppock_2018,intro_preview_bush_effect,text,Preview: Spanish ad raises Bush support by about five points,4.9,5,0,1,4.896649860286398,1,NA,NA,NA
flores_coppock_2018,design_bush_passed,text,Sampling: Bush respondents who passed the language quiz,NA,1862,0,NA,1862,1,NA,NA,NA
flores_coppock_2018,design_bush_recruited,text,Sampling: Latinos who responded to the Bush survey,NA,2866,0,NA,2866,1,NA,NA,NA
flores_coppock_2018,design_vela_coffman_recruited,text,Sampling: bilinguals who responded to the Vela and Coffman survey,NA,2233,0,NA,2233,1,NA,NA,NA
flores_coppock_2018,design_mono_supplied,text,Sampling: nationally representative subjects supplied,NA,2230,0,NA,2230,1,NA,NA,NA
flores_coppock_2018,design_bush_passed_restated,text,"Sampling: the same count, restated",NA,1862,0,NA,1862,1,NA,NA,NA
flores_coppock_2018,design_mono_failed,text,Sampling: those who did not pass the language quiz,NA,1344,0,NA,1344,1,NA,NA,NA
flores_coppock_2018,design_vela_coffman_passed,text,Sampling: those who passed the language quiz,NA,1681,0,NA,1681,1,NA,NA,NA
flores_coppock_2018,intro_advertisements,text,Six advertisements in all,NA,6,0,NA,6,1,NA,NA,NA
flores_coppock_2018,abstract_effect_five_points,text,Spanish ad raises bilingual support by five percentage points,4.9,5,0,1,4.875843388833116,1,NA,NA,NA
flores_coppock_2018,design_education_levels,text,Table 2 row label: Education(5 levels),NA,5,0,NA,5,1,NA,NA,NA
flores_coppock_2018,design_income_7_levels,text,Table 2 row label: Income(7 levels),NA,7,0,NA,7,1,NA,NA,NA
flores_coppock_2018,design_income_9_levels,text,Table 2 row label: Income(9 levels),NA,9,0,NA,9,1,NA,NA,NA
flores_coppock_2018,results_three_experiments,text,Table 5 covers all three experiments,NA,3,0,NA,3,1,NA,NA,NA
flores_coppock_2018,results_party_difference_ns,text,The Republican and Democrat effects do not differ significantly,NA,NA,0,NA,NA,NA,TRUE,NA,NA
flores_coppock_2018,design_appendix_survey_reference,text,The Spanish-language survey is said to be in supplemental Appendix C,NA,NA,0,NA,NA,NA,FALSE,paper_internal,The Spanish-language survey is appendix section D; section C is the binary choice models
flores_coppock_2018,results_vela_mono_not_significant,text,The Vela monolingual effect cannot be distinguished from zero,NA,NA,0,NA,NA,NA,TRUE,NA,NA
flores_coppock_2018,results_identical_point_estimate,text,The Vela point estimate is identical to the Bush one,NA,NA,0,NA,NA,NA,TRUE,NA,NA
flores_coppock_2018,discussion_assumed_bilingual_effect,text,The calibration supposes a five-point bilingual effect,NA,5,0,NA,5,1,NA,NA,NA
flores_coppock_2018,discussion_assumed_monolingual_effect,text,The calibration supposes a negative fifteen-point monolingual effect,NA,-15,0,NA,-15,1,NA,NA,NA
flores_coppock_2018,appendix_a_interactions_insignificant,text,The interaction coefficients are small and insignificant,NA,NA,0,NA,NA,NA,TRUE,NA,NA
flores_coppock_2018,design_appendix_quiz_reference,text,The language quiz is said to be in supplemental Appendix D,NA,NA,0,NA,NA,NA,FALSE,paper_internal,The language quiz is appendix section E; section D is the Spanish-language survey
flores_coppock_2018,design_appendix_logit_reference,text,The logit tables are said to be in supplemental Appendix A,NA,NA,0,NA,NA,NA,FALSE,paper_internal,The logistic regression tables are appendix section C; section A is the interaction specifications
flores_coppock_2018,discussion_electorate_zero,text,The simulated electorate runs from 0 per cent bilingual,NA,0,0,NA,0,1,NA,NA,NA
flores_coppock_2018,discussion_electorate_hundred,text,The simulated electorate runs to 100 per cent bilingual,NA,100,0,NA,100,1,NA,NA,NA
flores_coppock_2018,intro_candidates_found,text,Three candidates produced matched advertisements,NA,3,0,NA,3,1,NA,NA,NA
flores_coppock_2018,discussion_three_experiments,text,Three randomized survey experiments,NA,3,0,NA,3,1,NA,NA,NA
flores_coppock_2018,design_experiments,text,Three separate experiments were conducted,NA,3,0,NA,3,1,NA,NA,NA
flores_coppock_2018,results_interaction_opportunities,text,Twelve interaction terms,NA,12,0,NA,12,1,NA,NA,NA
flores_coppock_2018,results_interaction_opportunities_restated,text,"Twelve interaction terms, restated",NA,12,0,NA,12,1,NA,NA,NA
flores_coppock_2018,appendix_c_binary_outcomes,text,Two dependent variables are binary,NA,2,0,NA,2,1,NA,NA,NA
flores_coppock_2018,abstract_two_of_three,text,Two of three experiments raise bilingual support by about five points,NA,NA,0,NA,NA,NA,TRUE,NA,NA
flores_coppock_2018,intro_vela_coffman_recruited,text,Vela and Coffman experiments: bilinguals recruited,NA,2233,0,NA,2233,1,NA,NA,NA
flores_coppock_2018,intro_vela_coffman_passed,text,Vela and Coffman experiments: bilinguals who passed the quiz,NA,1681,0,NA,1681,1,NA,NA,NA
flores_coppock_2018,results_vela_ate,text,Vela bilingual advertisement effect,4.9,4.9,1,1,4.855036917379834,1,NA,NA,NA
flores_coppock_2018,results_vela_ate_se,text,"Vela bilingual advertisement effect, standard error",2.4,2.4,1,1,2.39042736077788,1,NA,NA,NA
flores_coppock_2018,results_vela_mono_ate,text,Vela monolingual advertisement effect,-2,-2,0,1,-2.011754269239292,1,NA,NA,NA
flores_coppock_2018,results_vela_mono_cares,text,Vela monolingual effect on candidate caring,-15.2,-15.2,1,1,-15.20166387262766,1,NA,NA,NA
flores_coppock_2018,results_vela_mono_cares_se,text,"Vela monolingual effect on candidate caring, standard error",2.5,2.5,1,1,2.465573417346872,1,NA,NA,NA
